New_ID,Old_ID,N_TF,Single_Mean_AUC,MTL_Mean_AUC,Mean_DeltaAUC,SD_DeltaAUC,Positive_Rate(%),Pos_Count,Mean_DeltaPR,Mean_DeltaMCC,Mean_DeltaF1,Best_DeltaAUC,Worst_DeltaAUC,Families
C10301,10301,23,0.9436247997404845,0.9555157796144873,0.01189097987400263,0.017338206947570493,86.95652173913044,20,0.009861664856599487,0.03034798020027904,0.014054226084709057,0.048212121212121,-0.037338340486409,
C10302,10302,21,0.9397673024486518,0.9578053441019214,0.01803804165326971,0.03684829925800819,90.47619047619048,19,0.021541589190128444,0.03266956198963701,0.027869358386272063,0.1161845339383623,-0.0897836109302473,
C10303,10303,21,0.9511028625986606,0.9623680548191534,0.011265192220493108,0.00853713441557479,95.23809523809523,20,0.01955616285369453,0.04244725417912455,0.028996026912197027,0.0302104285935324,-0.006095513965886,
C10304,10304,20,0.9457240306237521,0.9525707223746898,0.006846691750937485,0.007472239970827493,85.0,17,0.01233874622626595,0.02545561434082936,0.018139768469741004,0.0181268888888888,-0.0123392925170813,
C10305,10305,20,0.9420209659758193,0.9456305672095559,0.0036096012337363897,0.01946155885409718,85.0,17,0.0018521269953490995,0.014450075815616244,-0.0005515040306186315,0.0223190782750235,-0.0529116598623715,
C10306,10306,20,0.9532015561865895,0.9630336592593605,0.009832103072770685,0.019735921813416987,90.0,18,0.01889123842755905,0.027047306604912547,0.021216726084632147,0.0571993688976286,-0.0469306515818142,
C104,104,16,0.9521122201649239,0.963736362386623,0.011624142221699024,0.014077447193625324,100.0,16,0.017262342371036937,0.026329107972652206,0.01841000116575605,0.0532879818594105,0.0015455,
C10307,10307,16,0.9343606507899845,0.9636865861373918,0.029325935347407246,0.0374501507622556,100.0,16,0.05942974583632482,0.07963525019838244,0.06661586975285427,0.1119991119991119,8.588888888894086e-05,
C10308,10308,15,0.9259813800817477,0.9591244771663701,0.0331430970846224,0.04112255902485382,93.33333333333333,14,0.0680275742764052,0.060078720391242055,0.05279541238455835,0.1312282488753077,-0.0077573652962923,
C10309,10309,12,0.9649315698436184,0.9737990112578064,0.008867441414188276,0.006799848471023343,100.0,12,0.016836821482887853,0.03100644939013265,0.02512183185600007,0.0223542727787209,0.000523209409788,
C64,64,11,0.9717867143685095,0.9807310633619568,0.008944348993447327,0.0048231479441636915,100.0,11,0.012644894173431937,0.05188320116031506,0.032767278891706476,0.0167210000000002,0.0027597777777778,
C10310,10310,10,0.9617930769484728,0.9689009985173935,0.00710792156892086,0.007946973953514421,90.0,9,0.02063417260211088,0.026855703944727284,0.02612580397970225,0.0177228974917447,-0.0117855406625462,
C388,388,9,0.9310224439008066,0.9435324066403372,0.012509962739530568,0.0047960556170595706,100.0,9,0.016929956257261666,0.04081409968756978,0.03246698592231231,0.0231634320735444,0.0074109794305954,
C10311,10311,9,0.9543799374001541,0.9619593803274932,0.007579442927338833,0.008262639240447341,88.88888888888889,8,0.011679219540256677,0.02366566775812869,0.018491051311123344,0.0264777327935221,-0.0024971256108078,
C10312,10312,8,0.958912348882043,0.9769066277862964,0.017994278904253397,0.02516494322772446,87.5,7,0.03507795541205566,0.023361777260687874,0.02562119619903785,0.0666603511431096,-0.0010309999999998,
C10313,10313,7,0.9503950197606298,0.9566253144926876,0.006230294732057699,0.004084033550031994,85.71428571428571,6,0.011497996536721058,0.024708776847222315,0.017900705032515157,0.0113495704092033,-0.000586833333333,
C10314,10314,7,0.9579704322237751,0.9675246251566583,0.009554192932883215,0.004810379815224672,100.0,7,0.015701478332970885,0.028529250494538087,0.012707106289969513,0.0163147777777776,0.0018767777777777,
C10315,10315,7,0.942387473310454,0.9527037861108372,0.010316312800383042,0.007411467169174966,100.0,7,0.015073559305513485,0.03144036310927868,0.02113828383053834,0.0209916340471257,0.0012733888888888,
C10316,10316,7,0.9331873256704959,0.9542188080385883,0.021031482368092356,0.03833027773442703,71.42857142857143,5,0.05310308267398727,0.07544575457440093,0.0817446370593714,0.0998478338703903,-0.0082567396524599,
C14,14,6,0.961946484126984,0.9658411164021162,0.0038946322751322,0.0016636966349029413,100.0,6,0.004419085545659201,0.0116821942773623,0.006794651387123616,0.0066372222222222,0.0015179999999999,
C99,99,6,0.9477353243603316,0.9360559929032438,-0.011679331457087648,0.03758077939514003,50.0,3,0.004547654301291633,0.1852121136818855,0.15815104989967457,0.0098372777777776,-0.0876116071428571,
C118,118,6,0.9688719392483612,0.9735571599910401,0.004685220742678849,0.009934500364534348,66.66666666666666,4,0.01009573306167062,0.007978752886453734,0.009884296429588232,0.0233913970849628,-0.0035091063475833,
C282,282,6,0.9663942563290844,0.9722071347923009,0.005812878463216184,0.0033166334339385485,100.0,6,0.006003935824098867,0.022213008880682616,0.011091528812574634,0.0105607026966543,0.001678722222222,
C380,380,6,0.9368936562378559,0.9406650749817862,0.003771418743930333,0.0031212503464186775,83.33333333333334,5,0.005734485419596633,0.015928768028502967,0.009706308306285218,0.0090047502170572,-0.0004384444444445,
C10317,10317,6,0.9263139843766491,0.9369574906938203,0.010643506317171184,0.02183228417401729,66.66666666666666,4,0.021164622463728716,0.01634923586532955,0.019886061404150248,0.0546916779793491,-0.0019463986599664,
C10318,10318,6,0.9674983477012162,0.9787610592072271,0.011262711506010901,0.013521346145707233,83.33333333333334,5,0.03662795914912458,0.06423717540045548,0.06324507100844323,0.0355276781199587,-0.0005005555555557,
C10319,10319,6,0.9558958374654879,0.9564224160647569,0.0005265785992689329,0.01107383016734261,83.33333333333334,5,0.008849583248182734,0.04607581228337513,0.03628924986620675,0.0129476136302073,-0.0203947083724705,
C100,100,5,0.9370000619307994,0.9437780759010532,0.00677801397025362,0.0056074204441374535,100.0,5,0.011815040856292619,0.006863160239973539,0.0008980438189831998,0.0129630240459147,0.0005859999999998,
C255,255,5,0.963842405692961,0.968705393111738,0.00486298741877692,0.004806934581808739,100.0,5,0.006608872926914961,0.00773394092614694,0.006449854135034081,0.0128546666666666,0.0008850779132791,
C284,284,5,0.9726047456035174,0.9755795286171061,0.0029747830135889003,0.0009248996179885967,100.0,5,0.0036511235884997767,0.013652025440587958,0.007101091699572681,0.004546444444444,0.0022366666666664,
C359,359,5,0.9458841777777778,0.9524763111111112,0.006592133333333261,0.004005755163311321,100.0,5,0.00610882157821718,0.02262315311562646,0.012405377902962662,0.0112576666666667,0.0024367777777777,
C377,377,5,0.8885058624009341,0.8938040230641493,0.00529816066321518,0.006912259100607456,100.0,5,0.01164020546985356,0.028393854801091557,0.008144787522160279,0.0170227173438183,0.0001095171448565,
C411,411,5,0.9425180018159086,0.9504791107678422,0.00796110895193357,0.009211998998858202,80.0,4,0.01987444836720438,0.010724107750329039,0.011893812933318981,0.0204486176317164,-0.0014037278320665,
C10320,10320,5,0.9434030512991022,0.9527661357552166,0.00936308445611418,0.006732040101326332,100.0,5,0.01393329120380336,0.015830923947315022,0.00545921750847472,0.015860428231562,0.0014354354354353,
C10321,10321,5,0.9171076135260675,0.9070740347920232,-0.01003357873404416,0.0297839931798953,40.0,2,-0.010610164047348061,0.02416395068359156,0.02221555373799572,0.0238095238095238,-0.056403716523957,
C10322,10322,5,0.9565948464595655,0.971482849738291,0.014888003278725697,0.014146648877228165,100.0,5,0.02175796770064738,0.0427666223001757,0.0354393350765365,0.0397038497269617,0.0041105555555557,
C10323,10323,5,0.9262787736451357,0.9438825365132988,0.0176037628681633,0.019036888649033263,100.0,5,0.042792987238325905,0.039143966068123814,0.03772107291484626,0.0482143418035618,0.0004505555555553,
C45,45,4,0.9580060213858523,0.9619353975430068,0.0039293761571545,0.004228032451393094,75.0,3,0.0038859579775061747,0.007369188064916725,0.007753567382968124,0.0084117975734355,-0.0013983708145658,
C62,62,4,0.9788318836527767,0.9828694958285383,0.004037612175761425,0.0020976874260008526,100.0,4,0.00519364360274895,0.021691841606704725,0.013080902152066675,0.0058480555555555,0.0019103664350905,
C80,80,4,0.9578392777777778,0.9616728472222222,0.003833569444444382,0.0048814108461087856,50.0,2,0.0038013104287247497,0.016159133878306108,0.00375829576761625,0.0085736666666668,-0.0006487222222224,
C96,96,4,0.9634033539161957,0.9625688670592716,-0.0008344868569241,0.0025637193118038656,25.0,1,-0.0021152699099351753,-0.0020279082113343495,-0.0002448558975383501,0.0022466901290431,-0.0040273888888888,
C144,144,4,0.9168226024404384,0.9216391451612903,0.0048165427208518,0.0037682697533569145,100.0,4,0.003976939248368925,-0.0052493234093799745,0.007390225723002474,0.0092488931056292,0.0002275555555557,
C212,212,4,0.948794173380358,0.9519652380946292,0.003171064714271125,0.005009473714742532,75.0,3,0.0034424573383975,0.0088743573513212,0.0016165668531742,0.0103101666666666,-0.0013702008032127,
C330,330,4,0.9362741617634114,0.9397566865399594,0.003482524776547825,0.002597973511504632,100.0,4,0.007037972456078274,0.009991856756282275,0.01391561702946065,0.0061584033178107,0.0006314999999998,
C345,345,4,0.9715165416666666,0.9749701944444443,0.0034536527777776003,0.002043142199172396,100.0,4,0.003876406957270625,0.016166438624245577,0.010822899511653626,0.0064908888888887,0.002082,
C352,352,4,0.9409292777777778,0.9563045000000001,0.015375222222222176,0.011132893278802326,100.0,4,0.016955479992166126,0.04124918400451237,0.0106871390508312,0.0278667777777776,0.0019703333333331,
C353,353,4,0.9104708664847936,0.9144492119228006,0.003978345438006825,0.005274128423878479,75.0,3,0.004574906837760075,0.013954731489318726,-0.005308482269624075,0.0103706666666664,-0.0025304515813056,
C366,366,4,0.9449030555555555,0.9467171666666667,0.0018141111111111502,0.002084316852783705,75.0,3,0.002887847704089375,0.009885102996186626,0.0094772704157858,0.0035641111111112,-0.0010701666666665,
C405,405,4,0.9281890240627081,0.937511166436705,0.00932214237399685,0.0036472475851781067,100.0,4,0.01470454327582035,0.02923047417858105,0.017371644223658778,0.0143448472737653,0.0064073333333332,
C428,428,4,0.9525044388190566,0.9537723691030415,0.00126793028398505,0.008368805961327892,75.0,3,0.002076671258450475,0.022043263574395823,0.0204639400556094,0.006492111111111,-0.0111164455307263,
C10325,10325,4,0.9559490692034971,0.9629232471946855,0.006974177991188176,0.0029383310854212354,100.0,4,0.006288076482953075,0.025341661570768746,0.016291987648427226,0.0112764444444445,0.0047135555555555,
C10326,10326,4,0.9667665297865243,0.9675377866188123,0.0007712568322879059,0.0009315573124036883,100.0,4,-0.001907808313445725,-0.003891167229065375,-0.005470453289161025,0.0021105555555553,7.334095049882361e-05,
C8,8,3,0.9682186309275957,0.9733881793998465,0.0051695484722507,0.005270234558199451,66.66666666666666,2,0.0080039926745877,0.011843903829404265,0.011025349630626366,0.0103271901170841,-0.0002064891447763,
C11,11,3,0.9789581067662194,0.9816757526364633,0.0027176458702437,0.0021575530409112843,100.0,3,0.0028748702011416037,0.04854093891606803,0.0226632011529391,0.0047103264996201,0.0004263333333335,
C13,13,3,0.9568789229168583,0.9626253348932808,0.005746411976422533,0.0030675244044763364,100.0,3,0.010303691983247633,0.013150923005690299,0.008261574605358467,0.0084885005743223,0.0024336111111109,
C21,21,3,0.9634389104058042,0.9724633222417927,0.009024411835988299,0.002498716543096204,100.0,3,0.010508588695167166,0.020632010188232835,0.011806657561132599,0.0118976799524094,0.0073601111111111,
C29,29,3,0.9732173333333334,0.9736601851851853,0.0004428518518519,0.0008882610097258872,66.66666666666666,2,0.001797818799462167,0.0087915134984706,0.006211159836785733,0.0014343333333334,-0.0002803333333334,
C31,31,3,0.9226523117617784,0.9256803129426716,0.0030280011808932667,0.00464571305284969,66.66666666666666,2,0.009271461529506834,0.019012242338483667,0.0185461347753824,0.0080051817149348,-0.0011936226166994,
C43,43,3,0.962246111111111,0.9637610925925927,0.0015149814814816,0.0017216314527370453,66.66666666666666,2,0.0016874678719697668,0.005407557149200266,0.0014364004962106002,0.0027303888888889,-0.000455111111111,
C59,59,3,0.9581450325922561,0.9595930390431407,0.0014480064508846334,0.0022915023631768687,66.66666666666666,2,-0.0007881769158369999,0.007944906546622867,0.0029599067574173333,0.0034831860193206,-0.0010339999999999,
C63,63,3,0.9885396666666665,0.9906387222222222,0.0020990555555555667,0.0005672136276418064,100.0,3,0.0027406598906464332,0.011449035195609332,0.006285025534783099,0.0024682222222222,0.0014459444444446,
C81,81,3,0.960595718526816,0.9603035860021629,-0.00029213252465319997,0.0006192236441033188,33.33333333333333,1,0.00011715633661442621,0.0025915926042277665,-0.0025006561664244332,0.0002905086027604,-0.0009423888888888,
C93,93,3,0.9054095242793099,0.9304745268837498,0.025065002604439796,0.04230022195421221,100.0,3,0.012314123858085899,0.026305527439790904,0.046034443150976635,0.0739083750894774,0.0004141862863733,
C129,129,3,0.9783209343815186,0.9792336520202273,0.0009127176387084334,0.0006553288898025742,100.0,3,0.0012985668387463332,0.0008730580429000002,0.0017456493857243335,0.0014670267837046,0.0001894554753311,
C158,158,3,0.953070056142001,0.9549539874397109,0.0018839312977098665,0.0017174260937105378,100.0,3,0.0007047462754607,0.0037141864894180334,-0.0011838325533946002,0.0038167938931298,0.0005333333333333,
C160,160,3,0.9476412876266336,0.95172596941515,0.004084681788516534,0.0005778665884767791,100.0,3,0.007126780728800501,0.012681959094836567,0.007664091086551199,0.0044222222222224,0.0034174342544384,
C161,161,3,0.9409828218176158,0.9449101493930905,0.003927327575474533,0.005249554935140747,66.66666666666666,2,0.015833926171059765,0.0388926653580249,0.02587282171570147,0.008407722222222,-0.0018487394957983,
C162,162,3,0.9458661111435532,0.9542839428359945,0.0084178316924411,0.012924548339495636,100.0,3,0.0226997150629358,0.02650555544480347,0.03164249701793123,0.0233301061884345,0.0004498333333332,
C163,163,3,0.9609658799354249,0.9606650058937299,-0.0003008740416949668,0.0025653301815740073,33.33333333333333,1,0.016402127971793332,0.004478580501434099,0.0058969447787593,0.0026258555783708,-0.0021599777034556,
C166,166,3,0.9418710322885092,0.9473669139784945,0.005495881689985267,0.005017738822361222,100.0,3,0.06345905020738934,0.06456021788052131,0.057044686562491904,0.0111373333333333,0.0015313812374266,
C174,174,3,0.9441606217259757,0.9393359210162083,-0.004824700709767401,0.009585338337327005,66.66666666666666,2,-0.0140599145058765,0.0010470409818264337,-0.0096385157721365,0.0012478888888889,-0.0158748243515247,
C181,181,3,0.9274991275437329,0.9332729758270896,0.005773848283356667,0.006142699711285825,100.0,3,0.012469333684197134,0.024085824162763166,0.013317579972830266,0.0126629579680827,0.0008671424375431,
C184,184,3,0.9421276380791496,0.9556375460243863,0.0135099079452368,0.009270750715249855,100.0,3,0.020170441881331633,0.036013925288556195,0.022150963663538,0.0197132222222221,0.0028527238357104,
C192,192,3,0.9644197592592593,0.9647822962962963,0.00036253703703696666,0.0010792799873768615,66.66666666666666,2,0.0012212446471711665,0.011447794971963599,0.006906414786540566,0.0009944444444446,-0.0008836666666667,
C195,195,3,0.9379476290703596,0.9385720974541418,0.0006244683837824,0.0015864865121253868,66.66666666666666,2,0.0035821178788175002,-0.009991252196288233,-0.007371368676505366,0.0017884444444443,-0.0011825948486526,
C219,219,3,0.8929261687205989,0.8929529837010534,2.6814980454469153e-05,0.00010646783841245935,33.33333333333333,1,0.0005548281242024333,-0.005249160386226667,-0.006574273403180699,0.0001496666666664,-3.861061419196954e-05,
C220,220,3,0.98054014785418,0.983370321758333,0.0028301739041532003,0.0015181427351494453,100.0,3,0.004698796392829933,0.01899498839365023,0.008392209689419299,0.0043444444444443,0.0013081883791264,
C226,226,3,0.9733842777777778,0.9810278703703704,0.007643592592592566,0.002772955555607418,100.0,3,0.008861645826002901,0.0328617275046104,0.01690434238894953,0.0108412222222221,0.0059010555555555,
C240,240,3,0.972629428403478,0.9732284953210558,0.0005990669175778666,0.000380749956890499,100.0,3,0.0008056395297905334,0.012464514020586065,0.0093224697893415,0.0010267007527339,0.0002968333333333,
C300,300,3,0.9416183703703704,0.9484203148148147,0.006801944444444166,0.004876334940997174,100.0,3,0.006687820257526368,0.0189004320154646,0.0093833776597135,0.0102402777777774,0.0012211666666664,
C332,332,3,0.9565880673400673,0.9574162339846795,0.0008281666446120667,0.0012818440768441774,66.66666666666666,2,0.0022173466914528666,0.3410769320905371,0.33701434614316356,0.0023046666666666,0.0,
C343,343,3,0.9673079074074075,0.9693177777777778,0.0020098703703704,0.0030830600591277195,66.66666666666666,2,0.0020009372586587333,-0.0003822932993255666,0.0015214646142689004,0.0054819999999999,-0.0004069999999999,
C347,347,3,0.967403,0.9677723518518517,0.00036935185185185855,0.0012558738157760717,66.66666666666666,2,0.0019179475300944333,0.003999848640374567,0.006618841798037566,0.0017619444444443,-0.0006772777777777,
C348,348,3,0.9691866481481481,0.9703508888888889,0.0011642407407405667,0.000885340250442426,100.0,3,0.0009330257193012999,0.008505697617654401,0.0047506899182857,0.0018373333333332,0.0001613333333332,
C351,351,3,0.9165066851851852,0.9175714259259261,0.0010647407407407999,0.003997855993820165,66.66666666666666,2,0.0005756457925855334,-0.032236068188750834,0.0014388604616024665,0.0034041111111111,-0.0035514444444442,
C362,362,3,0.9635876889607774,0.9650667485718887,0.0014790596111111671,0.004959060494342316,66.66666666666666,2,0.003755304114174733,0.007316360776118566,0.002431868423202933,0.0053359999999998,-0.0041148285832298,
C370,370,3,0.9591196666666666,0.9609865555555556,0.0018668888888889667,0.005950998537438267,66.66666666666666,2,0.0010698800114767998,0.015259803453020268,0.010525562562800433,0.0079373333333334,-0.0039569999999999,
C371,371,3,0.9227643009580513,0.9474686961433986,0.02470439518534713,0.030810845891021878,100.0,3,0.0411518795989771,0.021215790501456434,0.013956108976283299,0.0598845598845598,0.0025235358511223,
C374,374,3,0.9540919263834905,0.9594400478433286,0.0053481214598378665,0.0038154744584774822,100.0,3,0.0033178733988051996,0.028087916252805,0.019198610195438535,0.0075813333333332,0.0009425310461804,
C376,376,3,0.9414604074074074,0.9644915370370369,0.023031129629629537,0.0020148256682033083,100.0,3,0.025212782313671935,0.08414884603076035,0.04298986665210653,0.0243422777777776,0.0207111666666666,
C391,391,3,0.9343743077455967,0.9367491754943141,0.002374867748717367,0.00036435549263430815,100.0,3,0.003123144973738666,0.023385943148609867,0.0235951643858392,0.002792443064182,0.0021216046264147,
C431,431,3,0.9439812101863329,0.9467405718128408,0.002759361626507867,0.0006332736529404487,100.0,3,0.0035263891261089666,0.013465267650783768,0.01961685369214423,0.0034881666666668,0.0023433071017457,
C432,432,3,0.9422339629629631,0.9419794444444446,-0.0002545185185185334,0.003152303861264907,66.66666666666666,2,-0.0018951350056950424,0.013675398092601035,0.012630012311509167,0.0020204444444447,-0.0038527777777779,
C10324,10324,3,0.9128261739266764,0.9330776345831021,0.020251460656425767,0.030226046528210728,66.66666666666666,2,0.027792648212267165,0.025461487757383033,0.015479830367020534,0.054875518672199,-0.0008677777777778,
C10327,10327,3,0.9489788444623338,0.946810921102509,-0.002167923359824866,0.00793609520957623,33.33333333333333,1,0.00014008951917536655,0.005435083519483036,0.002784762341841366,0.006387610910286,-0.0092888809897606,
C10328,10328,3,0.9531064502923976,0.9577219356725145,0.0046154853801169,0.002408810055475032,100.0,3,0.005565709690993101,0.0212523362322436,0.024099279872308633,0.0073957777777778,0.003155722222222,
C10329,10329,3,0.9219221386580735,0.9196959748951,-0.0022261637629736003,0.011973475922345636,66.66666666666666,2,-0.011117334064203933,0.005725645718421067,0.009062453298470934,0.0068353236957887,-0.0158002038735982,
C10330,10330,3,0.9523423331940964,0.9552431384015595,0.0029008052074631333,0.002854580728797833,66.66666666666666,2,0.0023720417775097333,0.004093000190170534,-0.004055417789157133,0.0047660000000001,-0.0003853888888888,
C5,5,2,0.9679829752098078,0.9659559870247902,-0.0020269881850176,0.00019860172918501726,0.0,0,-0.00356485600190285,-0.01115258619982325,-0.0070495866531345,-0.0018865555555555,-0.0021674208144797,
C7,7,2,0.964742277777778,0.9654676111111111,0.00072533333333315,7.872455497222017e-05,100.0,2,0.0008549560423927499,0.0090702102967113,0.0024876502111990497,0.0007809999999999,0.0006696666666664,
C15,15,2,0.9673860555555556,0.9677437777777778,0.00035772222222225,0.0013193826862738323,50.0,1,0.0004939299506918999,0.0035166879345598,0.00426504499127905,0.0012906666666666,-0.0005752222222221,
C17,17,2,0.9627988834327149,0.9597443132706969,-0.003054570162017893,0.004334899495011267,50.0,1,-0.012432990043478616,-0.034920324476118605,-0.0294959859610532,1.0666666666714342e-05,-0.0061198069907025,
C27,27,2,0.9617403888888889,0.9620492777777778,0.00030888888888882957,0.0005583000874568348,50.0,1,0.0009615766964085385,-0.0031859424592183003,-0.0015267857100328003,0.0007036666666666,-8.588888888894086e-05,
C28,28,2,0.9467527777777778,0.9459889166666667,-0.0007638611111110501,0.0021636288993006144,50.0,1,0.00146832103000135,0.00428425801263135,0.00222255251712315,0.0007660555555556,-0.0022937777777777,
C44,44,2,0.9609692777777776,0.9587443888888889,-0.0022248888888887,0.002019811236749276,0.0,0,-0.0009544949021104468,-0.0176370961817283,-0.0163431630597906,-0.0007966666666665,-0.0036531111111109,
C50,50,2,0.9760748055555556,0.9786988611111109,0.00262405555555535,0.0004432773843841243,100.0,2,0.00362320605631325,0.0052844916386181,0.00406569683313285,0.0029375,0.0023106111111107,
C53,53,2,0.9420690908439173,0.9430727354617209,0.0010036446178035999,0.0018693072415776836,50.0,1,0.012373838796172699,0.00625734173100825,-0.00224351135053045,0.0023254444444443,-0.0003181552088371,
C67,67,2,0.963744277777778,0.9650623333333335,0.00131805555555545,0.0016890423979942903,100.0,2,0.0024674476036401997,0.0051529868690242,0.00684531014729695,0.0025123888888888,0.0001237222222221,
C68,68,2,0.9766076605424322,0.9771305975503062,0.0005229370078740001,0.0001260116249928776,100.0,2,0.0008588714745187999,-0.0013825929782098501,-0.0014012554938497498,0.0006120406824148,0.0004338333333332,
C73,73,2,0.9559728111555973,0.9574802591196943,0.0015074479640969,0.0015370194175794122,100.0,2,0.0026923087009186504,-0.0006085208364449998,-0.0017288684808213998,0.0025942848170827,0.0004206111111111,
C79,79,2,0.9257549849033816,0.92708015942029,0.0013251745169083,0.00044043785534088586,100.0,2,0.0011606030256995502,0.0199132998208485,0.0130211801212159,0.0016366111111111,0.0010137379227055,
C82,82,2,0.9797801666666668,0.9827962777777777,0.0030161111111110003,0.002162018267188108,100.0,2,0.0037875851505294,0.01037558344157335,0.00450059177605475,0.0045448888888889,0.0014873333333331,
C85,85,2,0.9912971388888888,0.9926713055555556,0.0013741666666666499,0.000987671038477288,100.0,2,0.0012723475146244499,0.0112564581898295,0.0049596805772591,0.0020725555555555,0.0006757777777778,
C90,90,2,0.9012910737858482,0.9027207391915262,0.0014296654056779,0.000931100712675255,100.0,2,0.00426629109218285,0.00586125064862815,-0.00936951638023415,0.0020880530335782,0.0007712777777776,
C91,91,2,0.9274555,0.9296631666666668,0.00220766666666675,0.0013182041749720433,100.0,2,0.00099566299576405,-0.01044612281726505,0.00894329198053015,0.0031397777777779,0.0012755555555556,
C95,95,2,0.9443427588813302,0.944730695893172,0.00038793701184154997,7.739942011744236e-05,100.0,2,-0.00036094419245530005,0.0208356481331628,0.0292739463812606,0.0004426666666665,0.0003332073570166,
C112,112,2,0.9359726238825032,0.9382847094508302,0.00231208556832695,0.007167041076314832,50.0,1,0.0021213291283895997,-0.0005146731633321501,-0.0022829296042960997,0.0073799489144317,-0.0027557777777778,
C119,119,2,0.9754133333333332,0.9788596388888888,0.0034463055555555002,0.0003707989393120081,100.0,2,0.00290700912680895,0.0143655043641738,0.0085959590853069,0.0037084999999998,0.0031841111111112,
C131,131,2,0.966874111111111,0.9686908333333334,0.0018167222222223,0.0006707300656653963,100.0,2,0.0008016260174913499,0.0028439469016902,0.00038227482332524993,0.002291,0.0013424444444446,
C133,133,2,0.964553206325891,0.9642048722091656,-0.0003483341167255,0.001563019148219175,50.0,1,0.0007764076596848499,-0.0001629487645771503,-0.0006805772119445001,0.0007568873221047,-0.0014535555555557,
C137,137,2,0.9640951309323043,0.9635131725663717,-0.0005819583659324,0.0028181391843539443,50.0,1,0.0184199728629418,-0.00282130647723465,0.02261965384975645,0.0014107669616518,-0.0025746836935166,
C143,143,2,0.9541902231671505,0.9567533394965853,0.00256311632943465,0.0012518073251364117,100.0,2,0.00843662806528035,0.00717672338899695,0.0011306056063370505,0.0034482777777776,0.0016779548810917,
C147,147,2,0.9527435768907944,0.9543446815480241,0.0016011046572297506,0.002283238669284685,50.0,1,-0.00417378725705735,-0.013479803568190101,-0.01304211866066985,0.0032155982033483,-1.3388888888798968e-05,
C150,150,2,0.9588431111111111,0.9635128611111112,0.00466975000000015,0.003079882152878273,100.0,2,0.004536420600022351,0.02009813007062295,0.01109277293915445,0.0068475555555558,0.0024919444444445,
C154,154,2,0.9546258888888889,0.9616023333333334,0.00697644444444445,0.0023017111401821945,100.0,2,0.0072691542548457,0.04549869895998535,0.031760143688318254,0.0086039999999999,0.005348888888889,
C165,165,2,0.9523782961185754,0.950092395393474,-0.0022859007251013,0.0012985455810067526,0.0,0,-0.0006756159547956,-0.0074433593530784,0.0065854433429793505,-0.0013676903390916,-0.003204111111111,
C171,171,2,0.9891843055555555,0.9900348888888888,0.0008505833333332499,0.0005069562784007278,100.0,2,0.0006098042555117,0.00633501017072115,0.0031927974407290503,0.0012090555555555,0.000492111111111,
C179,179,2,0.9519405833333334,0.9507422777777779,-0.0011983055555555002,0.004293355956814513,50.0,1,-0.0006488320845861001,-0.0020048355563032985,-0.00488105284938015,0.0018375555555557,-0.0042341666666667,
C182,182,2,0.9367600561200518,0.944702907121987,0.0079428510019352,0.0077987056768827265,100.0,2,0.01390329192533335,0.0037701370901362503,0.0016922683899410998,0.013457368670537,0.0024283333333334,
C183,183,2,0.9722028257575757,0.9688612222222222,-0.0033416035353534502,0.004390358150706152,0.0,0,-0.0031432380144136504,-0.0018499235159420498,-0.0006395701319363001,-0.0002371515151515,-0.0064460555555554,
C185,185,2,0.9440789999999999,0.9553352222222222,0.0112562222222223,0.0004310208668434386,100.0,2,0.0113406087392661,0.06697566833224469,0.05460007397549235,0.0115610000000002,0.0109514444444444,
C186,186,2,0.9613056327465423,0.9599627370802895,-0.00134289566625285,0.000340907078218579,0.0,0,0.00633050194115765,0.00413982122692075,0.0025291014240679,-0.00110183795949,-0.0015839533730157,
C188,188,2,0.9485872922854037,0.9492053660107047,0.0006180737253009686,0.0009451131926660492,50.0,1,0.00015799193286700002,-0.03292661371021155,-0.0398885505205102,0.001286369672824,-5.022222222206274e-05,
C190,190,2,0.964185,0.96578825,0.00160324999999995,5.904341622886468e-05,100.0,2,0.00291434187655585,0.010015807681279151,0.0042924310026659,0.0016449999999998,0.0015615000000001,
C191,191,2,0.9499487777777778,0.9534800833333335,0.0035313055555556,0.0021816994059313216,100.0,2,0.00387623693306315,0.0208593443628775,0.02748961507376775,0.0050740000000003,0.0019886111111109,
C194,194,2,0.9443725833333334,0.9478696111111111,0.0034970277777776,0.0020057083848357836,100.0,2,0.00321825236795195,0.01262114048082445,0.00513803394793745,0.0049152777777777,0.0020787777777775,
C196,196,2,0.9704324999999999,0.9719718055555555,0.0015393055555556001,0.0001469603593566512,100.0,2,0.00206914598475565,0.024204750211347048,0.01059484692389955,0.0016432222222223,0.0014353888888889,
C197,197,2,0.9714392462887564,0.9731192963388763,0.0016800500501198499,0.002134433316859645,100.0,2,0.0031270025908104997,0.019585451352294447,0.00882816399701665,0.0031893223224618,0.0001707777777779,
C201,201,2,0.9739085345901729,0.9746299481960018,0.00072141360582895,0.0016452367325926341,50.0,1,0.00024435058813090005,-0.00796085960884855,-0.012280952774881749,0.0018847716561024,-0.0004419444444445,
C209,209,2,0.9788202164157309,0.9842205609840537,0.00540034456832275,0.006138252721314341,100.0,2,0.01013421222163735,0.0213668027696676,0.01857887153387965,0.0097407446922009,0.0010599444444446,
C210,210,2,0.9086405533012063,0.9144380767984595,0.0057975234972532,0.00402963582313317,100.0,2,0.007607146528595701,0.0148949296459366,0.03446449700882625,0.0086469063135029,0.0029481406810035,
C214,214,2,0.9471260833333335,0.9499126111111111,0.00278652777777775,0.00231644253145682,100.0,2,0.00076524284651225,0.0167347721613439,-0.00813341179410085,0.0044244999999998,0.0011485555555557,
C215,215,2,0.9438819999999998,0.9427677499999999,-0.00111424999999995,0.0007047104748725185,0.0,0,-0.0009597888942036,0.00046511495638005065,0.004262413378256049,-0.0006159444444444,-0.0016125555555555,
C216,216,2,0.9118406524413687,0.9093738892733564,-0.00246676316801235,0.004000318102103875,50.0,1,0.0011652891782033999,0.0005725325382063501,0.0235595187080943,0.0003618888888886,-0.0052954152249133,
C217,217,2,0.9637461486108312,0.9652267554180312,0.0014806068072001,0.002349788314653502,50.0,1,0.0007499288872123101,0.015223426717848649,0.02800718465269475,0.0031421580588445,-0.0001809444444443,
C239,239,2,0.9872781944444444,0.9898449444444444,0.00256675000000005,0.0004927355753569437,100.0,2,0.0026904581960473,0.010647392060935,0.00619704331582705,0.0029151666666668,0.0022183333333333,
C241,241,2,0.9514488923267697,0.9482581724807588,-0.003190719846010823,0.0046007476276096115,50.0,1,-0.0037711269779405997,0.00293016346325585,0.0055230359026838,6.249999999985434e-05,-0.0064439396920215,
C242,242,2,0.9785054594093499,0.979223240762813,0.0007177813534631,0.0017514198727962373,50.0,1,0.000932892488470724,0.047233293991644346,0.0406982729546652,0.0019562222222222,-0.000520659515296,
C243,243,2,0.955464825357536,0.9539401058855885,-0.0015247194719472,0.0009966316138482637,0.0,0,0.0017122990750483998,-0.00973699798361805,0.0009684286509719501,-0.0008199944994502,-0.0022294444444442,
C245,245,2,0.9706117835572896,0.9772529016760585,0.0066411181187689,0.003035383619698248,100.0,2,0.0081338671146341,0.0319961527833682,0.02023176322354935,0.0087874584597601,0.0044947777777777,
C247,247,2,0.9410057777777778,0.9423043333333334,0.0012985555555556324,0.001903924292054548,50.0,1,0.0029165284409060997,0.00383184675711735,0.00897659567307755,0.0026448333333332,-4.772222222193534e-05,
C254,254,2,0.9505326388888888,0.9595816666666668,0.00904902777777795,7.789959706074233e-05,100.0,2,0.0100174216851862,0.02648818172518215,0.011888214501418401,0.0091041111111113,0.0089939444444446,
C257,257,2,0.92583025,0.9310371944444444,0.005206944444444301,0.0009979633705148028,100.0,2,0.0045575285761703995,0.0242391370498131,0.02448586665562985,0.0059126111111111,0.0045012777777775,
C259,259,2,0.943332467275734,0.9570375121486561,0.0137050448729221,0.018919019660221734,100.0,2,0.01868463619511335,-0.011590642123712,-0.0148818436669708,0.0270828119680665,0.0003272777777777,
C261,261,2,0.9697144444444445,0.9717579722222223,0.00204352777777775,0.0024170088292256994,100.0,2,0.0014727088706407568,0.004733514010002799,0.00514634574518615,0.003752611111111,0.0003344444444445,
C264,264,2,0.9726748888888888,0.9736022222222223,0.0009273333333334501,0.0002467016992138397,100.0,2,0.0021296013281587,0.01194183683992405,0.013302918217647751,0.0011017777777778,0.0007528888888891,
C267,267,2,0.8929076388888888,0.8913376388888887,-0.00157000000000005,0.0011990173986318714,0.0,0,-2.9252804122636977e-05,-0.0123853864004774,0.0003434632195531,-0.0007221666666668,-0.0024178333333333,
C272,272,2,0.9701271388888888,0.9714659166666666,0.0013387777777778,0.002085965004500315,50.0,1,0.0012551054424216,0.0016687448952621001,0.004020945127211763,0.0028137777777778,-0.0001362222222222,
C276,276,2,0.9698744444444445,0.9740929444444444,0.00421849999999995,0.001610160708181893,100.0,2,0.0045123353525542,0.03071858496438365,0.02083912114291785,0.0053570555555555,0.0030799444444444,
C277,277,2,0.9463247501668298,0.9454923466678891,-0.0008324034989407999,0.004192456767388726,50.0,1,-0.01084670361192905,-0.012753573556328949,-0.008883888711685899,0.0021321111111112,-0.0037969181089928,
C278,278,2,0.9404615279406974,0.9389590233789509,-0.0015025045617464,0.00118551025365283,0.0,0,-0.0018728434596592,-0.0008462724137681494,0.0038153106346226003,-0.0006642222222223,-0.0023407869012705,
C283,283,2,0.9468621111111111,0.9593620277777778,0.01249991666666665,0.000675719096843729,100.0,2,0.01427443707531205,0.0524142902332355,0.0388919788763101,0.0129777222222221,0.0120221111111112,
C286,286,2,0.970546565456222,0.9684193905625491,-0.0021271748936728,0.0027633076886613987,0.0,0,-0.009192186102464799,-0.018296042577828416,-0.016123781010248698,-0.0001732212885154,-0.0040811284988302,
C291,291,2,0.9514459784946236,0.938798987455197,-0.012646991039426549,0.016582741290541915,0.0,0,-0.0458914788941735,-0.07482343276170561,-0.07389740724044165,-0.0009212222222222,-0.0243727598566309,
C292,292,2,0.9418935740740741,0.9368829259259259,-0.005010648148148,0.00590368689440638,0.0,0,-0.012027677362901001,0.00737618225157125,0.001376065297494,-0.0008361111111111,-0.0091851851851849,
C305,305,2,0.9777661666666667,0.978091611111111,0.0003254444444443,0.0007529901545434784,50.0,1,0.0011490209130876,0.012442720730374801,0.01211126274806145,0.0008578888888887,-0.0002070000000001,
C323,323,2,0.9241483611111112,0.9228845277777777,-0.0012638333333333499,0.0029446283391210146,50.0,1,-0.0025450467746885998,0.01173827897414875,0.0263397802918929,0.0008183333333332,-0.0033459999999999,
C325,325,2,0.9349485815617617,0.9352656124542633,0.0003170308925015499,0.005094110697913328,50.0,1,0.0014735735196164499,0.00550158268816675,0.0037115757188827,0.003919111111111,-0.0032850493261079,
C326,326,2,0.9282100555555556,0.9270945555555556,-0.00111549999999995,0.003352236114765103,50.0,1,-0.0016130672010573502,0.00280168157496995,0.0094464129864018,0.0012548888888889,-0.0034858888888888,
C327,327,2,0.9299835665287832,0.9289658849247386,-0.0010176816040445502,0.004252247037017743,50.0,1,0.002504066349369,-0.0050126316237875,-0.00091481998740195,0.0019891111111111,-0.0040244743192002,
C333,333,2,0.9664998888888892,0.9651754166666666,-0.001324472222222398,0.0018020616318539194,0.0,0,-0.00203765738499165,0.00022337659426799978,0.0016297317315116999,-5.022222222239581e-05,-0.0025987222222224,
C337,337,2,0.9630674722222221,0.966863361111111,0.0037958888888888,0.001186289476570584,100.0,2,0.00386756619910935,0.01485675266961025,0.00642171240981305,0.0046347222222221,0.0029570555555555,
C346,346,2,0.9815518348687884,0.9819908041596874,0.000438969290899,0.0007917590308614213,50.0,1,0.00187018497264415,0.004261738328294,0.0031041415366082504,0.0009988274706868,-0.0001208888888888,
C349,349,2,0.979646187194176,0.9819259647332617,0.00227977753908565,0.0028494835309029313,100.0,2,0.00214788770800635,0.03603760247001336,0.0227850254433178,0.0042946666666665,0.0002648884115048,
C354,354,2,0.9322983888888889,0.9348684166666668,0.0025700277777778,0.0014667358827312447,100.0,2,0.0046797355498608,0.013482238964405851,0.0104818143385999,0.0036071666666667,0.0015328888888889,
C369,369,2,0.9572636944444444,0.9604414722222222,0.0031777777777777997,0.0033776919588876064,100.0,2,0.00449563897187175,0.0102593085113135,0.0113870252599454,0.0055661666666665,0.0007893888888891,
C378,378,2,0.9795773937322114,0.9798494364083477,0.0002720426761363,0.0006032208117569596,50.0,1,0.017205095575228948,0.028198158198067598,0.02384061682530855,0.0006985842026825,-0.0001544988504099,
C379,379,2,0.9575159643825009,0.9570920723964382,-0.00042389198606261494,0.0006101502046788644,50.0,1,-0.00057541002064595,-0.0039601053942612,-0.002002827886045,7.549361208170069e-06,-0.0008553333333334,
C385,385,2,0.8544251337354787,0.8213444213444213,-0.033080712391057254,0.031242383738670526,0.0,0,0.0126914892321403,-0.03088924066882985,-0.02568172568172565,-0.010989010989011,-0.0551724137931035,
C386,386,2,0.9371296469760899,0.9392883488045006,0.0021587018284106,0.0028476473014735215,100.0,2,0.00529540612407825,0.01147198116732325,0.00867551132248255,0.0041722925457101,0.0001451111111111,
C387,387,2,0.9462017313891624,0.9431781600547464,-0.003023571334416,0.004656241901371315,50.0,1,-0.01656362141063155,-0.0151065368500807,-0.016468095776114352,0.0002688888888886,-0.0063160315577206,
C389,389,2,0.9274132520485008,0.929428162907111,0.00201491085861025,0.003339224992900932,50.0,1,0.00447963797541725,-0.0071406404229108,-0.017812607738538298,0.0043760994949981,-0.0003462777777776,
C394,394,2,0.9310944395009416,0.9382401706685499,0.00714573116760825,0.008882923738211984,100.0,2,0.01102906481614395,0.0441374485040159,0.04830559045215715,0.0134269067796609,0.0008645555555556,
C395,395,2,0.9871513419153706,0.9865298080075662,-0.0006215339078044001,0.0016626743593732166,50.0,1,-0.0009563375554467999,0.0011433864563545,0.00033366981770895,0.0005541544066134,-0.0017972222222222,
C398,398,2,0.9244610555555555,0.9285434444444445,0.0040823888888889,6.010407640085655e-05,100.0,2,0.00582584187440105,0.0071752912640084,0.027574043731640747,0.0041248888888889,0.0040398888888889,
C400,400,2,0.965231376068376,0.9679063903753252,0.0026750143069490997,0.0005653509221872887,100.0,2,0.0050969128136131,0.00634038643238555,0.0070358901037969,0.0030747777777778,0.0022752508361204,
C406,406,2,0.9417395277777778,0.9427172499999998,0.00097772222222205,0.005379118419326244,50.0,1,0.0013216076068430498,0.0079001208165379,0.00324707658563715,0.0047813333333331,-0.002825888888889,
C407,407,2,0.9409072788363462,0.9441225584131594,0.0032152795768132,0.006562024843418763,50.0,1,0.00888282373479975,0.0021093065178264497,-0.0008040752833238593,0.0078553318419092,-0.0014247726882828,
C413,413,2,0.9689324722222221,0.9704875000000002,0.00155502777777785,0.0007404586510325365,100.0,2,0.0030848441182736,-0.0027874522423697997,0.003022247850927,0.0020786111111112,0.0010314444444445,
C414,414,2,0.92885133908856,0.9330896101127555,0.00423827102419545,0.0006312202043468985,100.0,2,0.007531703970651799,0.02047652038726985,0.0099641864310966,0.0046846111111111,0.0037919309372798,
C416,416,2,0.9354778884504986,0.9379406903595435,0.0024628019090449,0.001521502531507851,100.0,2,0.0034417455919877,0.01577476014808555,0.00541226481755285,0.0035386666666666,0.0013869371514232,
C420,420,2,0.9690046642293789,0.9702268635666558,0.0012221993372768,0.0026495753123260296,50.0,1,0.00390064846658845,0.007270794002336999,0.0067305796142551,0.003095732007887,-0.0006513333333334,
C421,421,2,0.9723823037569943,0.9744032206235013,0.0020209168665069003,0.0007570360940638141,100.0,2,0.0022107372078037,-0.0050366632410565,-0.00041446914669790013,0.0025562222222224,0.0014856115107914,
C425,425,2,0.9785109705892111,0.9806599886382044,0.00214901804899325,0.002592514687221226,100.0,2,0.0013561355908039,-0.0009876667696676503,0.003319790388338,0.0039822027646531,0.0003158333333334,
C434,434,2,0.983330111111111,0.9842408333333335,0.0009107222222222,0.0010843875326593852,100.0,2,0.0012008411690469499,0.02622300979979595,0.01224435842567035,0.0016774999999998,0.0001439444444446,
C440,440,2,0.957805638888889,0.9608781111111111,0.0030724722222221002,0.0012835952264039292,100.0,2,0.0036850094806760497,0.010942752455211601,0.00785147031983465,0.003980111111111,0.0021648333333332,
C10331,10331,2,0.9683595465318794,0.9657593467994345,-0.0026001997324447998,0.003109509548629726,0.0,0,-0.0003926151791787,0.0329960719367228,0.0398567297500484,-0.0004014444444444,-0.0047989550204452,
C10332,10332,2,0.900932909158262,0.9010366923003927,0.00010378314213074996,0.00527863793547814,50.0,1,0.01256437795835115,0.02683926898136825,0.011363542618190552,0.0038363438217359,-0.0036287775374744,
C10333,10333,2,0.9650185845974353,0.9736021963307051,0.0085836117332698,0.0029396537804393013,100.0,2,0.014302981045873901,0.0059923999600904,0.0071919189241512,0.0106622608557591,0.0065049626107805,
C10334,10334,2,0.9101028568137672,0.9243986448619487,0.01429578804818145,0.02436217376804006,50.0,1,0.03282635328685785,0.01991499391558785,0.005190248348143051,0.0315224463240076,-0.0029308702276447,
C10335,10335,2,0.918183290525908,0.9189025253541383,0.0007192348282302002,0.0085941977620548,50.0,1,-0.0206107654201642,-0.06004753552398595,-0.0319212933766377,0.0067962503446374,-0.005357780688177,
C10336,10336,2,0.9717554543114544,0.9718442374977019,8.878318624750001e-05,0.0003002137610549882,50.0,1,-0.003845874018588238,0.00442370726550105,0.00454875714658585,0.000301066372495,-0.0001235,
C10337,10337,2,0.9424513953275413,0.939283146183167,-0.0031682491443744,0.005867064793630955,50.0,1,0.0009078313518046501,0.0034031812869134,0.00609350738087495,0.0009803921568629,-0.0073168904456117,
C10338,10338,2,0.967717395664141,0.966499269772604,-0.0012181258915369502,0.0033753361212701893,50.0,1,0.00129176394928775,-0.00055817724108255,-0.003752787786709,0.0011685971685971,-0.003604848951671,
