New_ID,Old_ID,Cluster_Size,TF_List,Avg_ROC_AUC,Families
C001,10301,23,ZKSCAN1;ZKSCAN3;ZKSCAN4;ZKSCAN7;ZKSCAN8;ZNF165;ZNF197;ZNF232;ZNF24;ZNF287;ZNF397;ZSCAN12;ZSCAN16;ZSCAN21;ZSCAN22;ZSCAN23;ZSCAN26;ZSCAN30;ZSCAN31;ZSCAN9;ZKSCAN5;ZNF483;ZNF174,0.9277,C2H2 Zinc Finger;Unknown/Other
C002,10302,21,ZFP14;ZFP30;ZFP82;ZNF140;ZNF283;ZNF30;ZNF331;ZNF383;ZNF404;ZNF529;ZNF540;ZNF546;ZNF565;ZNF566;ZNF571;ZNF573;ZNF582;ZNF780A;ZNF790;ZNF850;ZNF607,0.9125,C2H2 Zinc Finger
C003,10303,21,ZIK1;ZNF132;ZNF134;ZNF154;ZNF17;ZNF211;ZNF256;ZNF304;ZNF416;ZNF419;ZNF530;ZNF547;ZNF548;ZNF549;ZNF551;ZNF671;ZNF749;ZNF772;ZNF773;ZNF792;ZNF584,0.9379,C2H2 Zinc Finger;Unknown/Other
C004,10304,20,RBAK;ZFP1;ZNF12;ZNF182;ZNF248;ZNF26;ZNF300;ZNF334;ZNF33A;ZNF33B;ZNF37A;ZNF382;ZNF510;ZNF567;ZNF605;ZNF624;ZNF674;ZNF782;ZNF84;ZNF658,0.9282,C2H2 Zinc Finger;Unknown/Other
C005,10305,20,ZNF135;ZNF157;ZNF184;ZNF189;ZNF250;ZNF34;ZNF391;ZNF436;ZNF454;ZNF501;ZNF502;ZNF660;ZNF7;ZNF70;ZNF71;ZNF79;ZNF883;Zfp3;ZNF473;Zfp62,0.9205,C2H2 Zinc Finger
C006,10306,20,ZNF100;ZNF254;ZNF257;ZNF273;ZNF429;ZNF430;ZNF431;ZNF492;ZNF675;ZNF680;ZNF681;ZNF708;ZNF714;ZNF724;ZNF730;ZNF85;ZNF92;ZNF493;ZNF729;ZNF138,0.9155,C2H2 Zinc Finger
C007,104,16,GLI4;ZNF205;ZNF22;ZNF322;ZNF48;ZNF572;ZNF629;ZNF691;ZNF696;ZNF697;ZNF75A;ZNF75D;ZNF768;ZNF774;ZNF837;ZSCAN2,0.9363,C2H2 Zinc Finger;Unknown/Other
C008,10307,16,ZNF112;ZNF155;ZNF214;ZNF221;ZNF222;ZNF223;ZNF224;ZNF225;ZNF227;ZNF230;ZNF234;ZNF235;ZNF239;ZNF284;ZNF285;ZNF45,0.9351,C2H2 Zinc Finger
C009,10308,15,ZNF20;ZNF433;ZNF439;ZNF44;ZNF440;ZNF441;ZNF442;ZNF443;ZNF491;ZNF563;ZNF69;ZNF700;ZNF763;ZNF799;ZNF823,0.9148,C2H2 Zinc Finger
C010,10309,12,ZNF28;ZNF320;ZNF468;ZNF525;ZNF578;ZNF611;ZNF701;ZNF761;ZNF765;ZNF808;ZNF816;ZNF860,0.9419,C2H2 Zinc Finger
C011,64,11,KLF1;KLF10;KLF11;KLF12;KLF3;KLF5;KLF7;KLF9;Klf16;Klf4;Klf6,0.9647,C2H2 Zinc Finger
C012,10310,10,ZNF124;ZNF136;ZNF490;ZNF564;ZNF627;ZNF669;ZNF670;ZNF709;ZNF791;ZNF101,0.9398,C2H2 Zinc Finger
C013,388,9,HOXA3;HOXA5;HOXA7;HOXB5;HOXB7;HOXC5;Hoxa9;Hoxb8;Hoxc9,0.9297,Homeodomain
C014,10311,9,ZNF160;ZNF480;ZNF528;ZNF534;ZNF610;ZNF616;ZNF766;ZNF83;ZNF880,0.9482,C2H2 Zinc Finger
C015,10312,8,ZNF121;ZNF266;ZNF426;ZNF560;ZNF561;ZNF562;ZNF778;ZNF846,0.9498,C2H2 Zinc Finger
C016,10313,7,ZNF350;ZNF432;ZNF613;ZNF614;ZNF615;ZNF649;ZNF793,0.9352,C2H2 Zinc Finger
C017,10314,7,ZFP37;ZNF146;ZNF25;ZNF260;ZNF329;ZNF35;ZNF569,0.9532,C2H2 Zinc Finger
C018,10315,7,ZNF177;ZNF317;ZNF333;ZNF557;ZNF558;ZNF8;ZNF891,0.9380,C2H2 Zinc Finger
C019,10316,7,ZNF253;ZNF486;ZNF506;ZNF626;ZNF737;ZNF90;ZNF93,0.9177,C2H2 Zinc Finger
C020,14,6,SMAD9;Smad1;Smad2;Smad3;Smad4;Smad5,0.9563,SMAD
C021,99,6,Prdm9;ZNF133;ZNF169;ZNF337;ZNF343;ZNF589,0.9273,C2H2 Zinc Finger;Unknown/Other
C022,118,6,ZNF212;ZNF282;ZNF398;ZNF746;ZNF777;ZNF783,0.9547,C2H2 Zinc Finger
C023,282,6,MAF;MAFB;MAFK;Maff;Mafg;NRL,0.9634,Unknown/Other
C024,380,6,Lef1;TCF3;TCF4;TCF7L1;TCF7L2;Tcf7,0.9118,Unknown/Other
C025,10317,6,ZNF354A;ZNF354B;ZNF354C;ZNF485;ZNF74;ZNF879,0.8972,C2H2 Zinc Finger
C026,10318,6,ZNF417;ZNF418;ZNF552;ZNF586;ZNF587;ZNF776,0.9093,C2H2 Zinc Finger
C027,10319,6,ZNF141;ZNF479;ZNF595;ZNF716;ZNF736;ZNF519,0.9188,C2H2 Zinc Finger
C028,100,5,ZKSCAN2;ZNF213;ZSCAN20;ZSCAN29;ZSCAN32,0.9256,C2H2 Zinc Finger;Unknown/Other
C029,255,5,POU2F2;POU2F3;POU3F2;Pou2f1;Pou5f1,0.9628,Unknown/Other
C030,284,5,E2F1;E2F2;E2F3;E2F4;E2F5,0.9656,bHLH
C031,359,5,GATA1;GATA3;Gata2;Gata4;Gata6,0.9473,GATA
C032,377,5,SOX15;SOX2;SOX21;SOX4;Sox11,0.8754,SOX
C033,411,5,TBX1;TBX18;TBX3;Tbx2;Tbx5,0.9028,Unknown/Other
C034,10320,5,ZNF175;ZNF41;ZNF484;ZNF585A;ZNF81,0.9219,C2H2 Zinc Finger
C035,10321,5,ZFP28;ZNF527;ZNF570;ZNF583;ZNF667,0.8590,C2H2 Zinc Finger
C036,10322,5,ZNF264;ZNF460;ZNF543;ZNF550;ZNF805,0.9502,C2H2 Zinc Finger
C037,10323,5,ZNF555;ZNF556;ZNF57;ZNF699;ZNF77,0.9191,C2H2 Zinc Finger
C038,45,4,SALL2;Sall1;Sall3;Sall4,0.9517,Unknown/Other
C039,62,4,SP2;SP4;SP5;Sp1,0.9735,C2H2 Zinc Finger
C040,80,4,SCRT1;SCRT2;SNAI2;Snai1,0.9546,Unknown/Other
C041,96,4,Repin1;ZNF316;ZNF467;ZNF775,0.9555,C2H2 Zinc Finger;Unknown/Other
C042,144,4,TEAD1;TEAD4;Tead2;Tead3,0.9097,Unknown/Other
C043,212,4,ZNF280A;ZNF280B;ZNF280C;ZNF280D,0.9435,C2H2 Zinc Finger
C044,330,4,NFATC3;NFATC4;Nfatc1;Nfatc2,0.9317,Unknown/Other
C045,345,4,FOS;FOSB;FOSL1;Fosl2,0.9720,bZIP
C046,352,4,SIX2;SIX4;SIX5;Six1,0.9376,Unknown/Other
C047,353,4,PAX3;PAX8;Pax5;Pax7,0.9014,Homeodomain
C048,366,4,FOXP4;Foxp1;Foxp2;Foxp3,0.9422,Forkhead
C049,405,4,AR;Nr3c1;Nr3c2;PGR,0.9199,Nuclear Receptor
C050,428,4,NFIC;Nfia;Nfib;Nfix,0.9365,Unknown/Other
C051,10324,4,ZNF619;ZNF620;ZNF621;ZNF662,0.9031,C2H2 Zinc Finger
C052,10325,4,ZNF251;ZNF3;ZNF554;ZNF713,0.9521,C2H2 Zinc Finger
C053,10326,4,ZNF263;ZNF394;ZNF449;ZNF202,0.9652,C2H2 Zinc Finger
C054,8,3,IRF4;IRF9;Irf8,0.9474,Unknown/Other
C055,11,3,GRHL1;GRHL3;Grhl2,0.9794,Unknown/Other
C056,13,3,TFCP2;Tfcp2l1;UBP1,0.9464,Unknown/Other
C057,21,3,ZBTB18;ZBTB3;ZBTB42,0.9579,Unknown/Other
C058,29,3,Maz;PATZ1;VEZF1,0.9683,Unknown/Other
C059,31,3,OVOL1;OVOL2;OVOL3,0.9089,Unknown/Other
C060,43,3,IKZF4;Ikzf1;Ikzf2,0.9612,Unknown/Other
C061,59,3,ZFX;ZFY;ZNF711,0.9601,C2H2 Zinc Finger;Unknown/Other
C062,63,3,EGR1;EGR3;Egr2,0.9866,Unknown/Other
C063,81,3,YY1;YY2;Zfp42,0.9510,C2H2 Zinc Finger;Unknown/Other
C064,93,3,ZNF747;ZNF764;ZNF785,0.8930,C2H2 Zinc Finger
C065,129,3,ZBTB26;ZBTB6;Zbtb12,0.9672,Unknown/Other
C066,158,3,TFAP2A;TFAP2B;TFAP2C,0.9445,Unknown/Other
C067,160,3,ELF1;ELF2;Elf4,0.9387,Unknown/Other
C068,161,3,ELF3;Ehf;Elf5,0.9383,Unknown/Other
C069,162,3,ETV1;ETV4;Etv5,0.9323,Unknown/Other
C070,163,3,ETS1;Ets2;Etv2,0.9504,Unknown/Other
C071,166,3,ELK3;ELK4;Elk1,0.9196,Unknown/Other
C072,174,3,MTA2;MTA3;Mta1,0.9430,Unknown/Other
C073,181,3,RARB;RARG;Rara,0.9293,Nuclear Receptor
C074,184,3,Nr1h2;Nr1h3;Nr1h4,0.9177,Unknown/Other
C075,192,3,Nr2f1;Nr2f2;Nr2f6,0.9576,Unknown/Other
C076,195,3,ESRRA;ESRRG;Esrrb,0.9301,Nuclear Receptor
C077,219,3,RUNX1;RUNX3;Runx2,0.9034,Unknown/Other
C078,220,3,MXD1;MXD3;MXD4,0.9765,bHLH
C079,226,3,ATF1;CREM;Creb1,0.9672,Unknown/Other;bZIP
C080,240,3,MITF;TFE3;TFEB,0.9683,Unknown/Other
C081,300,3,MEF2B;MEF2D;Mef2a,0.9358,Unknown/Other
C082,332,3,ZNF532;ZNF592;ZNF687,0.9336,C2H2 Zinc Finger
C083,343,3,CEBPA;CEBPD;Cebpb,0.9676,bZIP
C084,347,3,ATF7;Atf2;Creb5,0.9609,bZIP
C085,348,3,JUN;JUNB;JUND,0.9698,bZIP
C086,351,3,PBX1;PBX3;Pbx4,0.9218,Unknown/Other
C087,362,3,TSC22D2;TSC22D3;TSC22D4,0.9481,Unknown/Other
C088,370,3,FOXA1;FOXA2;Foxa3,0.9571,Forkhead
C089,371,3,FOXS1;Foxc2;Foxd3,0.9398,Forkhead
C090,374,3,FOXO1;Foxo3;Foxo4,0.9396,Forkhead
C091,376,3,SOX13;SOX5;Sox6,0.9383,SOX
C092,391,3,PHOX2B;PRRX2;Shox2,0.9225,Homeodomain;Unknown/Other
C093,431,3,STAT5A;STAT5B;STAT6,0.9315,STAT
C094,432,3,STAT1;STAT3;Stat4,0.9409,STAT
C095,10327,3,ZFP69;ZFP69B;ZFP90,0.8725,C2H2 Zinc Finger
C096,10328,3,ZNF10;ZNF180;ZNF544,0.9474,C2H2 Zinc Finger
C097,10329,3,ZNF311;ZNF324;ZNF324B,0.8832,C2H2 Zinc Finger
C098,10330,3,ZFP41;ZNF514;ZNF664,0.9522,C2H2 Zinc Finger
C099,5,2,SP140;SP140L,0.9550,C2H2 Zinc Finger
C100,7,2,IRF6;Irf5,0.9638,Unknown/Other
C101,15,2,ZNF524;ZNF580,0.9565,C2H2 Zinc Finger
C102,17,2,MZF1;ZNF446,0.9444,C2H2 Zinc Finger;Unknown/Other
C103,27,2,ZNF362;ZNF384,0.9619,C2H2 Zinc Finger
C104,28,2,ZNF366;ZNF710,0.9401,C2H2 Zinc Finger
C105,44,2,Bcl11a;ZNF296,0.9625,C2H2 Zinc Finger;Unknown/Other
C106,50,2,Glis1;Glis3,0.9741,Unknown/Other
C107,53,2,ZEB1;ZEB2,0.9260,Unknown/Other
C108,67,2,Zbtb7a;Zbtb7b,0.9481,Unknown/Other
C109,68,2,ZIC5;Zic2,0.9735,Unknown/Other
C110,73,2,ZNF148;ZNF281,0.9539,C2H2 Zinc Finger
C111,79,2,GFI1B;Gfi1,0.9096,Unknown/Other
C112,82,2,ZNF143;ZNF76,0.9769,C2H2 Zinc Finger
C113,85,2,CTCFL;Ctcf,0.9923,C2H2 Zinc Finger
C114,90,2,MYNN;ZBTB24,0.8954,Unknown/Other
C115,91,2,ZSCAN5A;ZSCAN5C,0.9186,Unknown/Other
C116,95,2,ZNF425;ZNF786,0.9260,C2H2 Zinc Finger
C117,112,2,BCL6;BCL6B,0.9295,Unknown/Other
C118,119,2,ZNF526;ZNF574,0.9694,C2H2 Zinc Finger
C119,131,2,ZBTB38;ZBTB4,0.9675,Unknown/Other
C120,133,2,ZBTB46;ZBTB8A,0.9592,Unknown/Other
C121,137,2,ZNF423;ZNF521,0.9573,C2H2 Zinc Finger
C122,143,2,Meis1;Pknox1,0.9320,Unknown/Other
C123,147,2,L3MBTL3;L3MBTL4,0.9233,Unknown/Other
C124,150,2,BATF;Batf3,0.9630,bZIP
C125,154,2,HNF1A;Hnf1b,0.9432,Unknown/Other
C126,165,2,Erg;Fli1,0.9528,Unknown/Other
C127,171,2,SPIB;Spi1,0.9906,C2H2 Zinc Finger
C128,179,2,GATAD2A;GATAD2B,0.9535,GATA
C129,182,2,RORA;Rorb,0.9195,Unknown/Other
C130,183,2,Ppard;Pparg,0.9693,Nuclear Receptor
C131,185,2,THRB;Thra,0.9370,Unknown/Other
C132,186,2,NR1I2;Nr1i3,0.9625,Unknown/Other
C133,188,2,NR2C1;Nr2c2,0.9350,Unknown/Other
C134,190,2,RXRB;Rxra,0.9558,Unknown/Other
C135,191,2,HNF4A;HNF4G,0.9525,Unknown/Other
C136,194,2,Nr5a1;Nr5a2,0.9433,Unknown/Other
C137,196,2,ESR2;Esr1,0.9662,Nuclear Receptor
C138,197,2,MYOD1;MYOG,0.9744,Unknown/Other
C139,201,2,HSF1;HSF2,0.9697,Unknown/Other
C140,209,2,IRF2;Irf1,0.9683,Unknown/Other
C141,210,2,TOX;TOX2,0.8977,Unknown/Other
C142,214,2,LHX2;LHX9,0.9492,Unknown/Other
C143,215,2,ISL2;Isl1,0.9426,Unknown/Other
C144,216,2,HMGA1;HMGA2,0.9156,Unknown/Other
C145,217,2,ZHX2;Zhx1,0.9528,Unknown/Other
C146,239,2,Usf1;Usf2,0.9828,Unknown/Other
C147,241,2,GABPB2;Gabpb1,0.9650,Unknown/Other
C148,242,2,NFKB1;NFKB2,0.9807,Unknown/Other
C149,243,2,REL;Rela,0.9536,Rel;Unknown/Other
C150,245,2,DBP;TEF,0.9617,Unknown/Other
C151,247,2,MYB;Mybl2,0.9417,Unknown/Other
C152,254,2,HMG20A;Hmg20b,0.9455,Unknown/Other
C153,257,2,TSHZ1;TSHZ2,0.9191,Unknown/Other
C154,259,2,Tcf15;Tcf21,0.9301,Unknown/Other
C155,261,2,Neurog1;Neurog2,0.9645,Unknown/Other
C156,264,2,TFDP1;TFDP2,0.9603,Unknown/Other
C157,267,2,MYC;MYCN,0.9182,bHLH
C158,272,2,MBD2;MBD3,0.9688,Unknown/Other
C159,276,2,ARID4A;ARID4B,0.9619,Nuclear Receptor
C160,277,2,PIAS1;PIAS4,0.9454,Unknown/Other
C161,278,2,HMGB1;HMGB2,0.9412,Unknown/Other
C162,283,2,LCOR;LCORL,0.9387,Unknown/Other
C163,286,2,HES1;HES4,0.9486,bHLH
C164,291,2,HEY1;HEY2,0.9358,bHLH
C165,292,2,Bhlhe40;Bhlhe41,0.9249,Unknown/Other
C166,305,2,SATB1;Satb2,0.9704,Unknown/Other
C167,323,2,Ncor1;Ncor2,0.9193,Unknown/Other
C168,325,2,SMARCC1;Smarcc2,0.9267,Nuclear Receptor
C169,326,2,ARID1B;Arid1a,0.9242,Nuclear Receptor
C170,327,2,ZFHX2;ZFHX4,0.9338,Unknown/Other
C171,333,2,AFF1;AFF4,0.9584,Unknown/Other
C172,337,2,ZNF608;ZNF609,0.9603,C2H2 Zinc Finger
C173,346,2,ATF3;JDP2,0.9709,Unknown/Other;bZIP
C174,349,2,NFE2;NFE2L2,0.9773,Unknown/Other
C175,354,2,PITX1;PITX3,0.9308,Unknown/Other
C176,369,2,FOXK2;Foxk1,0.9546,Forkhead
C177,378,2,SOX9;Sox10,0.9586,SOX
C178,379,2,SOX18;Sox17,0.9543,SOX
C179,385,2,HOXC11;Hoxa11,1.0000,Homeodomain
C180,386,2,CDX2;CDX4,0.9340,Unknown/Other
C181,387,2,HOXA1;HOXD1,0.9359,Homeodomain
C182,389,2,DLX4;DLX6,0.9219,Unknown/Other
C183,394,2,Hoxa13;Hoxb13,0.9246,Homeodomain
C184,395,2,EMX1;MNX1,0.9876,Unknown/Other
C185,398,2,INSM1;INSM2,0.9181,Unknown/Other
C186,400,2,Lyl1;TAL1,0.9586,Unknown/Other
C187,406,2,RCOR1;Rcor2,0.9364,Unknown/Other
C188,407,2,ARID3A;ARID3B,0.9250,Nuclear Receptor
C189,413,2,ONECUT2;Onecut1,0.9685,Unknown/Other
C190,414,2,Hand1;Hand2,0.9275,Unknown/Other
C191,416,2,Srebf1;Srebf2,0.9203,Unknown/Other
C192,420,2,Epas1;HIF1A,0.9603,Unknown/Other
C193,421,2,Pol2ra;Rnap2,0.9722,Unknown/Other
C194,425,2,GMEB1;GMEB2,0.9763,Unknown/Other
C195,434,2,TP63;TP73,0.9822,Unknown/Other
C196,440,2,EBF1;EBF3,0.9605,Unknown/Other
C197,10331,2,ZIM3;ZNF684,0.9389,C2H2 Zinc Finger;Unknown/Other
C198,10332,2,ZNF19;ZNF23,0.8727,C2H2 Zinc Finger
C199,10333,2,ZNF2;ZNF577,0.9405,C2H2 Zinc Finger
C200,10334,2,ZNF181;ZNF302,0.8762,C2H2 Zinc Finger
C201,10335,2,ZNF596;ZNF705G,0.8845,C2H2 Zinc Finger
C202,10336,2,ZNF678;ZNF682,0.9649,C2H2 Zinc Finger
C203,10337,2,ZNF195;ZNF695,0.9000,C2H2 Zinc Finger
C204,10338,2,ZNF267;ZNF720,0.9579,C2H2 Zinc Finger
