New_Cluster_ID,Old_Cluster_ID,Cluster_Size,TF_Name,Family,Subgroup,ROC_AUC,PR_AUC,MCC,GSM_ID
C001,10301,23,ZKSCAN1,Unknown/Other,Unknown/Other,0.956539484357192,0.8774686682218044,0.7503480944012118,GSM2423103
C001,10301,23,ZKSCAN3,Unknown/Other,Unknown/Other,0.8670354187970624,0.6065027865441917,0.5331794998895832,GSM5215336
C001,10301,23,ZKSCAN4,Unknown/Other,Unknown/Other,0.9268686868686868,0.8349318676166201,0.7798707676320468,GSM3402702
C001,10301,23,ZKSCAN7,Unknown/Other,Unknown/Other,0.9558848723659414,0.8091613818926067,0.682769273577642,GSM3402701
C001,10301,23,ZKSCAN8,Unknown/Other,Unknown/Other,0.9361118026740434,0.8174754610293763,0.676122519704913,GSM2534469
C001,10301,23,ZNF165,C2H2 Zinc Finger,ZNF,0.9338294026148736,0.8292957131467866,0.6833131950698582,GSM5330712
C001,10301,23,ZNF197,C2H2 Zinc Finger,ZNF,0.8600000000000001,0.6354540317120508,0.4957526900497897,GSM2466491
C001,10301,23,ZNF232,C2H2 Zinc Finger,ZNF,0.951489565514882,0.9135904134813172,0.7475988363535979,GSM5214562
C001,10301,23,ZNF24,C2H2 Zinc Finger,ZNF,0.9030079978310964,0.75393921198274,0.6138787627412006,GSM2827518
C001,10301,23,ZNF287,C2H2 Zinc Finger,ZNF,0.849828510908184,0.4891027352642434,0.4560835714684456,GSM2466520
C001,10301,23,ZNF397,C2H2 Zinc Finger,ZNF,0.8948792034975471,0.6917546573681985,0.5831149150179741,GSM5214787
C001,10301,23,ZSCAN12,Unknown/Other,Unknown/Other,0.9632539387172808,0.937572957857388,0.8042861938120744,GSM5669608
C001,10301,23,ZSCAN16,Unknown/Other,Unknown/Other,0.979914072404564,0.9508286808460736,0.8676378198043823,GSM2026868
C001,10301,23,ZSCAN21,Unknown/Other,Unknown/Other,0.9081851464435148,0.7553842905274584,0.6297572370565959,GSM2825590
C001,10301,23,ZSCAN22,Unknown/Other,Unknown/Other,0.9612661408241862,0.9311197865645428,0.7851322401548917,GSM2026754
C001,10301,23,ZSCAN23,Unknown/Other,Unknown/Other,0.9083094922876108,0.77320695466777,0.6632927354299245,GSM2423872
C001,10301,23,ZSCAN26,Unknown/Other,Unknown/Other,0.956227218840882,0.8809581404125587,0.8039605213964541,GSM2827159
C001,10301,23,ZSCAN30,Unknown/Other,Unknown/Other,0.9588078994614004,0.9302359286052024,0.7798276182392729,GSM5214362
C001,10301,23,ZSCAN31,Unknown/Other,Unknown/Other,0.9700223552894212,0.951880821463582,0.806259481238759,GSM5214630
C001,10301,23,ZSCAN9,Unknown/Other,Unknown/Other,0.953552869691566,0.8667507173569063,0.7391320838386282,GSM2534346
C001,10301,23,ZKSCAN5,Unknown/Other,Unknown/Other,0.947304036841074,0.8906770136712732,0.7160366136844207,GSM5214972
C001,10301,23,ZNF483,C2H2 Zinc Finger,ZNF,0.9392719233603536,0.8739421445152349,0.7039505234655369,GSM5214170
C001,10301,23,ZNF174,C2H2 Zinc Finger,ZNF,0.8548629531388153,0.607859198845358,0.5788218771743723,GSM5214339
C002,10302,21,ZFP14,C2H2 Zinc Finger,ZFP,0.8397383720930232,0.6188189774898721,0.5499748049281018,GSM2466448
C002,10302,21,ZFP30,C2H2 Zinc Finger,ZFP,0.9241087155640104,0.7940665957647877,0.6399329850239752,GSM5215188
C002,10302,21,ZFP82,C2H2 Zinc Finger,ZFP,0.9659107515017776,0.9403076400722664,0.8054890480005509,GSM5215268
C002,10302,21,ZNF140,C2H2 Zinc Finger,ZNF,0.9612285444958928,0.8617008414344746,0.7954538749878819,GSM2423519
C002,10302,21,ZNF283,C2H2 Zinc Finger,ZNF,0.9339267015706806,0.8576573207260008,0.7629827613743203,GSM2466517
C002,10302,21,ZNF30,C2H2 Zinc Finger,ZNF,0.980614170526677,0.9743954951074264,0.8649865289395837,GSM5214975
C002,10302,21,ZNF331,C2H2 Zinc Finger,ZNF,0.9354238683127571,0.8320590098597969,0.6808964477704624,GSM2797677
C002,10302,21,ZNF383,C2H2 Zinc Finger,ZNF,0.9461534463276836,0.9028705867400842,0.7284566885742702,GSM5214281
C002,10302,21,ZNF404,C2H2 Zinc Finger,ZNF,0.9277193632710388,0.7646896044257203,0.6611553652129067,GSM2827406
C002,10302,21,ZNF529,C2H2 Zinc Finger,ZNF,0.908715483234714,0.7180524100789909,0.5757285582557256,GSM2466582
C002,10302,21,ZNF540,C2H2 Zinc Finger,ZNF,0.8546099290780141,0.6642768663255748,0.4140265404221342,GSM2466585
C002,10302,21,ZNF546,C2H2 Zinc Finger,ZNF,0.9106106715358084,0.6472792470611016,0.4653295082258543,GSM3402711
C002,10302,21,ZNF565,C2H2 Zinc Finger,ZNF,0.9138810753574692,0.7777962044095582,0.6225619315756479,GSM5330893
C002,10302,21,ZNF566,C2H2 Zinc Finger,ZNF,0.8794329793628531,0.726011197376023,0.5836150193063254,GSM2466600
C002,10302,21,ZNF571,C2H2 Zinc Finger,ZNF,0.8910578724243321,0.7829633166383341,0.7179773943803376,GSM2466603
C002,10302,21,ZNF573,C2H2 Zinc Finger,ZNF,0.8553380521308102,0.6258649140285025,0.4996287748290804,GSM2466604
C002,10302,21,ZNF582,C2H2 Zinc Finger,ZNF,0.8632404181184669,0.7004436107750178,0.6248809410409238,GSM2026852
C002,10302,21,ZNF780A,C2H2 Zinc Finger,ZNF,0.9150255896751224,0.7355271022348383,0.6538388535963828,GSM5369886
C002,10302,21,ZNF790,C2H2 Zinc Finger,ZNF,0.8291090629800307,0.5696942522913779,0.5472813793767886,GSM2466663
C002,10302,21,ZNF850,C2H2 Zinc Finger,ZNF,0.969267171042872,0.955686593836264,0.8129602094416064,GSM5669572
C002,10302,21,ZNF607,C2H2 Zinc Finger,ZNF,0.9571252408477842,0.9283554107778196,0.7709461721570225,GSM5214323
C003,10303,21,ZIK1,Unknown/Other,Unknown/Other,0.9740467111534794,0.9657057678346824,0.8332486152876325,GSM5214712
C003,10303,21,ZNF132,C2H2 Zinc Finger,ZNF,0.9289870885615568,0.8186473149231822,0.646546388689414,GSM2466475
C003,10303,21,ZNF134,C2H2 Zinc Finger,ZNF,0.8845420022795365,0.6702353100247573,0.5354655855250926,GSM5215175
C003,10303,21,ZNF154,C2H2 Zinc Finger,ZNF,0.8672490943959088,0.659139965665705,0.6005325641789633,GSM2466480
C003,10303,21,ZNF17,C2H2 Zinc Finger,ZNF,0.9644918095273805,0.9409665471143824,0.7823084704214619,GSM5214406
C003,10303,21,ZNF211,C2H2 Zinc Finger,ZNF,0.8704146988419487,0.6417618188795089,0.5952113925914401,GSM2466495
C003,10303,21,ZNF256,C2H2 Zinc Finger,ZNF,0.9557266739846324,0.9243473503472373,0.760026161007288,GSM5215271
C003,10303,21,ZNF304,C2H2 Zinc Finger,ZNF,0.9518889626756972,0.8196185583869096,0.7054369145825847,GSM2466525
C003,10303,21,ZNF416,C2H2 Zinc Finger,ZNF,0.9273106352640784,0.8434339193759249,0.7207828219693917,GSM5668028
C003,10303,21,ZNF419,C2H2 Zinc Finger,ZNF,0.9362912400455062,0.7539937709670672,0.706643898113547,GSM2466550
C003,10303,21,ZNF530,C2H2 Zinc Finger,ZNF,0.969324496910704,0.9538415483050816,0.810319345310026,GSM5213903
C003,10303,21,ZNF547,C2H2 Zinc Finger,ZNF,0.9706355285692044,0.9543429039505894,0.8169196944481985,GSM5215496
C003,10303,21,ZNF548,C2H2 Zinc Finger,ZNF,0.9648784662786716,0.9316567455953204,0.784653928311001,GSM5214148
C003,10303,21,ZNF549,C2H2 Zinc Finger,ZNF,0.9320048969020012,0.8561666477346163,0.7314334336082677,GSM5215051
C003,10303,21,ZNF551,C2H2 Zinc Finger,ZNF,0.863062815725895,0.6867642381187944,0.5727969075437219,GSM5374463
C003,10303,21,ZNF671,C2H2 Zinc Finger,ZNF,0.9603298264858396,0.8912513937195471,0.8078965171461245,GSM2466626
C003,10303,21,ZNF749,C2H2 Zinc Finger,ZNF,0.9258084480891228,0.7674896492004953,0.6110385224571795,GSM2466646
C003,10303,21,ZNF772,C2H2 Zinc Finger,ZNF,0.9754207149404216,0.9617181410568916,0.8460919024671681,GSM5214161
C003,10303,21,ZNF773,C2H2 Zinc Finger,ZNF,0.9851515499425948,0.9838430161321442,0.8771831747557944,GSM5214043
C003,10303,21,ZNF792,C2H2 Zinc Finger,ZNF,0.956585658753297,0.8761353093255556,0.7340486716767408,GSM2533985
C003,10303,21,ZNF584,C2H2 Zinc Finger,ZNF,0.9317665440196236,0.7997198863508044,0.6782935962010305,GSM2825490
C004,10304,20,RBAK,Unknown/Other,Unknown/Other,0.948494305443458,0.87478231725617,0.7093166653743239,GSM5214917
C004,10304,20,ZFP1,C2H2 Zinc Finger,ZFP,0.9419713541666666,0.81572794517531,0.6997339574480818,GSM2534187
C004,10304,20,ZNF12,C2H2 Zinc Finger,ZNF,0.9454035347551342,0.8309578187907342,0.6996223450041599,GSM2797671
C004,10304,20,ZNF182,C2H2 Zinc Finger,ZNF,0.9293851215656111,0.7211649628474137,0.6184859396322396,GSM2466487
C004,10304,20,ZNF248,C2H2 Zinc Finger,ZNF,0.9852747190949424,0.964479785702031,0.9233158890488344,GSM2466504
C004,10304,20,ZNF26,C2H2 Zinc Finger,ZNF,0.8360263247475321,0.5869681870434549,0.5329724208713464,GSM2825194
C004,10304,20,ZNF300,C2H2 Zinc Finger,ZNF,0.8999606479578053,0.7723259642724616,0.7071056729833434,GSM2827237
C004,10304,20,ZNF334,C2H2 Zinc Finger,ZNF,0.8209401709401709,0.5328366302237423,0.4036912098064159,GSM2466534
C004,10304,20,ZNF33A,C2H2 Zinc Finger,ZNF,0.9357513046314416,0.8658679597465736,0.6997468104503074,GSM5214619
C004,10304,20,ZNF33B,C2H2 Zinc Finger,ZNF,0.9663983050847458,0.9509959636486144,0.7904568640033018,GSM5214279
C004,10304,20,ZNF37A,C2H2 Zinc Finger,ZNF,0.8907136261706899,0.758194880823634,0.7052909498205114,GSM2026770
C004,10304,20,ZNF382,C2H2 Zinc Finger,ZNF,0.91520444196636,0.7658558056666176,0.6357520918351408,GSM2424065
C004,10304,20,ZNF510,C2H2 Zinc Finger,ZNF,0.96125833689424,0.8916949571500782,0.8233501905564617,GSM3634206
C004,10304,20,ZNF567,C2H2 Zinc Finger,ZNF,0.8614886960210701,0.6545166558981239,0.5669241664030309,GSM2466601
C004,10304,20,ZNF605,C2H2 Zinc Finger,ZNF,0.9624254021075984,0.943885910135548,0.7856372712146422,GSM6372180
C004,10304,20,ZNF624,C2H2 Zinc Finger,ZNF,0.8693289984325826,0.6219061445316086,0.5235959417874377,GSM5214027
C004,10304,20,ZNF674,C2H2 Zinc Finger,ZNF,0.9776297721207784,0.971462986431016,0.8426407918668902,GSM5215097
C004,10304,20,ZNF782,C2H2 Zinc Finger,ZNF,0.9653274946921444,0.9376244686422164,0.8092110856283862,GSM5215308
C004,10304,20,ZNF84,C2H2 Zinc Finger,ZNF,0.9825183060062468,0.9347134680972752,0.8709674882653569,GSM2466677
C004,10304,20,ZNF658,C2H2 Zinc Finger,ZNF,0.9682310962445694,0.8917508071665786,0.775839128731693,GSM2828881
C005,10305,20,ZNF135,C2H2 Zinc Finger,ZNF,0.9012526155874682,0.7881888543509378,0.7492874552789945,GSM2466477
C005,10305,20,ZNF157,C2H2 Zinc Finger,ZNF,0.930944992947814,0.8308916326060863,0.7131707966824714,GSM2827556
C005,10305,20,ZNF184,C2H2 Zinc Finger,ZNF,0.9354199026612818,0.8434677854261736,0.7252568710365221,GSM5214938
C005,10305,20,ZNF189,C2H2 Zinc Finger,ZNF,0.9374365413461077,0.8174676261414469,0.6898981296242119,GSM3634423
C005,10305,20,ZNF250,C2H2 Zinc Finger,ZNF,0.9550691244239632,0.8415198500771507,0.7627120343491284,GSM2026762
C005,10305,20,ZNF34,C2H2 Zinc Finger,ZNF,0.9535400340715504,0.906963649348542,0.7623201575935369,GSM5331303
C005,10305,20,ZNF391,C2H2 Zinc Finger,ZNF,0.92877265418998,0.8377602021443641,0.7071394885805401,GSM2423166
C005,10305,20,ZNF436,C2H2 Zinc Finger,ZNF,0.9026826580386116,0.7087804499028729,0.5814846417790729,GSM5214832
C005,10305,20,ZNF454,C2H2 Zinc Finger,ZNF,0.8298846000795862,0.5626063349037623,0.3896950792779821,GSM2466564
C005,10305,20,ZNF501,C2H2 Zinc Finger,ZNF,0.9595342330943344,0.9358332337041324,0.7648124077264349,GSM5213997
C005,10305,20,ZNF502,C2H2 Zinc Finger,ZNF,0.8372766779333656,0.6875263417498405,0.697261113047375,GSM2026839
C005,10305,20,ZNF660,C2H2 Zinc Finger,ZNF,0.9683663434752764,0.956031928159036,0.8053965809898037,GSM5215022
C005,10305,20,ZNF7,C2H2 Zinc Finger,ZNF,0.9564677361853832,0.9225744181430542,0.7569509916962552,GSM5214321
C005,10305,20,ZNF70,C2H2 Zinc Finger,ZNF,0.8699447943872586,0.6937499397532425,0.5590051073700402,GSM5330849
C005,10305,20,ZNF71,C2H2 Zinc Finger,ZNF,0.9532914413254356,0.9067637493037684,0.7695452209868977,GSM2423047
C005,10305,20,ZNF79,C2H2 Zinc Finger,ZNF,0.7622655122655122,0.5255300505187981,0.4348581765194567,GSM2466669
C005,10305,20,ZNF883,C2H2 Zinc Finger,ZNF,0.9819978084593468,0.9811727664971208,0.8493833865683337,GSM5331233
C005,10305,20,Zfp3,C2H2 Zinc Finger,Zfp,0.9456897534739488,0.886623354635938,0.7189500891718987,GSM6372573
C005,10305,20,ZNF473,C2H2 Zinc Finger,ZNF,0.9472974457004268,0.8611305480681049,0.7664793625577571,GSM2827562
C005,10305,20,Zfp62,C2H2 Zinc Finger,Zfp,0.9527968269266412,0.9193983340376078,0.7577376354036615,GSM5214642
C006,10306,20,ZNF100,C2H2 Zinc Finger,ZNF,0.9615718842149604,0.9108927015531708,0.8445082880919852,GSM2466467
C006,10306,20,ZNF254,C2H2 Zinc Finger,ZNF,0.9313169757335276,0.8237063151730726,0.7139459093264072,GSM2466505
C006,10306,20,ZNF257,C2H2 Zinc Finger,ZNF,0.97650220840831,0.9312902799059336,0.8403545480402813,GSM2466506
C006,10306,20,ZNF273,C2H2 Zinc Finger,ZNF,0.963014576754168,0.9095735443035894,0.8016267610641159,GSM2466513
C006,10306,20,ZNF429,C2H2 Zinc Finger,ZNF,0.9572357936684314,0.8618259222118442,0.7710990834794772,GSM2466552
C006,10306,20,ZNF430,C2H2 Zinc Finger,ZNF,0.960850981727386,0.9267772243628664,0.7798646054946208,GSM5669259
C006,10306,20,ZNF431,C2H2 Zinc Finger,ZNF,0.8537684817886766,0.5985154702062083,0.4957112477621491,GSM2466554
C006,10306,20,ZNF492,C2H2 Zinc Finger,ZNF,0.705978705978706,0.400942032733856,0.3481879826112199,GSM2466575
C006,10306,20,ZNF675,C2H2 Zinc Finger,ZNF,0.9760930027838928,0.9454454010159076,0.86769671347632,GSM2466628
C006,10306,20,ZNF680,C2H2 Zinc Finger,ZNF,0.9786059216952702,0.9158447169207348,0.8279253327017526,GSM2466630
C006,10306,20,ZNF681,C2H2 Zinc Finger,ZNF,0.905377478784681,0.7906630486912338,0.6484518897003686,GSM2466631
C006,10306,20,ZNF708,C2H2 Zinc Finger,ZNF,0.9008710046721744,0.7443169031946282,0.5969937995575708,GSM2466640
C006,10306,20,ZNF714,C2H2 Zinc Finger,ZNF,0.9514603174603176,0.8859880787202159,0.7572097629138298,GSM2466641
C006,10306,20,ZNF724,C2H2 Zinc Finger,ZNF,0.8505842861109008,0.5853227038856648,0.5143515600264804,GSM3402714
C006,10306,20,ZNF730,C2H2 Zinc Finger,ZNF,0.8078321540880503,0.5047473368098776,0.3760277209400514,GSM2466643
C006,10306,20,ZNF85,C2H2 Zinc Finger,ZNF,0.8652067669172934,0.680460691275569,0.5829247092597815,GSM2026800
C006,10306,20,ZNF92,C2H2 Zinc Finger,ZNF,0.9491297345801456,0.8135982683079612,0.720340735521853,GSM1463921
C006,10306,20,ZNF493,C2H2 Zinc Finger,ZNF,0.9042390110786156,0.7493689472627039,0.6972540484877444,GSM2827531
C006,10306,20,ZNF729,C2H2 Zinc Finger,ZNF,0.9341574967169316,0.7599078538394439,0.6932009250930935,GSM3402715
C006,10306,20,ZNF138,C2H2 Zinc Finger,ZNF,0.9753425970292288,0.9677518485073558,0.8311840459179771,GSM5215074
C007,104,16,GLI4,Unknown/Other,Unknown/Other,0.972944930882966,0.959876671231262,0.8260131984788198,GSM5214704
C007,104,16,ZNF205,C2H2 Zinc Finger,ZNF,0.8290169869117239,0.6342272886932206,0.6316642775792317,GSM2466494
C007,104,16,ZNF22,C2H2 Zinc Finger,ZNF,0.9628406462585032,0.9199235809664708,0.8599845444860282,GSM2026767
C007,104,16,ZNF322,C2H2 Zinc Finger,ZNF,0.952441890412723,0.8610824025364975,0.7285283608326448,GSM2026819
C007,104,16,ZNF48,C2H2 Zinc Finger,ZNF,0.9714791796146676,0.9673984267248934,0.831431571493437,GSM2534006
C007,104,16,ZNF572,C2H2 Zinc Finger,ZNF,0.9596583034647552,0.9325658381076224,0.7736241162392382,GSM5215720
C007,104,16,ZNF629,C2H2 Zinc Finger,ZNF,0.9701098018211034,0.9159457886067806,0.8045399513142533,GSM5215117
C007,104,16,ZNF691,C2H2 Zinc Finger,ZNF,0.9697762043592948,0.9455118561969716,0.802773445739133,GSM5214837
C007,104,16,ZNF696,C2H2 Zinc Finger,ZNF,0.860471952480386,0.6882457787996524,0.621749409776856,GSM5214437
C007,104,16,ZNF697,C2H2 Zinc Finger,ZNF,0.9748182474375632,0.9617993818454972,0.8237091002135313,GSM5214050
C007,104,16,ZNF75A,C2H2 Zinc Finger,ZNF,0.952897272704036,0.9295207218172512,0.7800964502528264,GSM2574809
C007,104,16,ZNF75D,C2H2 Zinc Finger,ZNF,0.9876127227899903,0.9643684641019212,0.9005942378154691,GSM2466648
C007,104,16,ZNF768,C2H2 Zinc Finger,ZNF,0.9814116991643452,0.9719219853784152,0.8631504933612222,GSM5215173
C007,104,16,ZNF774,C2H2 Zinc Finger,ZNF,0.8166666666666668,0.6689053828731866,0.4007094794035653,GSM2026816
C007,104,16,ZNF837,C2H2 Zinc Finger,ZNF,0.9449675307155802,0.841632649403398,0.7340891073527671,GSM2423882
C007,104,16,ZSCAN2,Unknown/Other,Unknown/Other,0.8742095754290876,0.7140666549821961,0.5640113234364437,GSM2574782
C008,10307,16,ZNF112,C2H2 Zinc Finger,ZNF,0.9299863704922834,0.7985056225628108,0.729595391449007,GSM2828848
C008,10307,16,ZNF155,C2H2 Zinc Finger,ZNF,0.9503419314082172,0.8587384008775107,0.8031863064866712,GSM2828365
C008,10307,16,ZNF214,C2H2 Zinc Finger,ZNF,0.8908695652173912,0.6750167538607419,0.4702699715629801,GSM2466498
C008,10307,16,ZNF221,C2H2 Zinc Finger,ZNF,0.948552942406188,0.9073441504877532,0.7399739074853108,GSM6372563
C008,10307,16,ZNF222,C2H2 Zinc Finger,ZNF,0.8786921456824369,0.6514661116591576,0.4939157853570424,GSM2466499
C008,10307,16,ZNF223,C2H2 Zinc Finger,ZNF,0.9184059922571958,0.7672342214094952,0.7286610163563536,GSM2466500
C008,10307,16,ZNF224,C2H2 Zinc Finger,ZNF,0.96328033126294,0.9417553217639822,0.7618675127066683,GSM5214928
C008,10307,16,ZNF225,C2H2 Zinc Finger,ZNF,0.977116259653517,0.9703338175933612,0.853655567661767,GSM5330617
C008,10307,16,ZNF227,C2H2 Zinc Finger,ZNF,0.958359721342622,0.8618212527530331,0.7559840175541652,GSM5331230
C008,10307,16,ZNF230,C2H2 Zinc Finger,ZNF,0.9592955465587044,0.9329604256172388,0.764548696603119,GSM5214470
C008,10307,16,ZNF234,C2H2 Zinc Finger,ZNF,0.974757589219606,0.9623015011079528,0.8366243180748987,GSM5214412
C008,10307,16,ZNF235,C2H2 Zinc Finger,ZNF,0.8588235294117648,0.6384771054393849,0.5870451715402795,GSM2466503
C008,10307,16,ZNF239,C2H2 Zinc Finger,ZNF,0.8988266631092139,0.6934977786544843,0.5882366236279486,GSM5215600
C008,10307,16,ZNF284,C2H2 Zinc Finger,ZNF,0.9954193453258626,0.98394205953938,0.921109857474188,GSM2466518
C008,10307,16,ZNF285,C2H2 Zinc Finger,ZNF,0.9535353535353536,0.8716384863123996,0.795099935886035,GSM2466519
C008,10307,16,ZNF45,C2H2 Zinc Finger,ZNF,0.905187074829932,0.7006494452847122,0.6177292747385457,GSM2466565
C009,10308,15,ZNF20,C2H2 Zinc Finger,ZNF,0.9609450506730306,0.9383314247577552,0.7771726570680219,GSM5213968
C009,10308,15,ZNF433,C2H2 Zinc Finger,ZNF,0.9021712533237632,0.7086064744632226,0.6237315026974122,GSM2466556
C009,10308,15,ZNF439,C2H2 Zinc Finger,ZNF,0.9057629575933308,0.7095045460203006,0.5236176332773197,GSM2466557
C009,10308,15,ZNF44,C2H2 Zinc Finger,ZNF,0.9618446674098848,0.9281884614915692,0.7756605847513256,GSM5215095
C009,10308,15,ZNF440,C2H2 Zinc Finger,ZNF,0.9491209833846592,0.8684914605243459,0.7633423058419502,GSM2466558
C009,10308,15,ZNF441,C2H2 Zinc Finger,ZNF,0.9685825929110538,0.933784852934478,0.8032868194589181,GSM5215741
C009,10308,15,ZNF442,C2H2 Zinc Finger,ZNF,0.8704351204351205,0.7969200839481386,0.7543000363927836,GSM2466560
C009,10308,15,ZNF443,C2H2 Zinc Finger,ZNF,0.9600908500973394,0.8771005111785358,0.8068337958999264,GSM2466561
C009,10308,15,ZNF491,C2H2 Zinc Finger,ZNF,0.8964133738601824,0.760327494523022,0.6689363869011413,GSM2828996
C009,10308,15,ZNF563,C2H2 Zinc Finger,ZNF,0.92213729308666,0.7808707998826058,0.6303004914630355,GSM2026838
C009,10308,15,ZNF69,C2H2 Zinc Finger,ZNF,0.905813953488372,0.7150489469381214,0.6503466919052723,GSM2466636
C009,10308,15,ZNF700,C2H2 Zinc Finger,ZNF,0.8173858934433618,0.4271839878747977,0.3342785228461387,GSM5215466
C009,10308,15,ZNF763,C2H2 Zinc Finger,ZNF,0.9280968468468468,0.7609697112632491,0.698963035992171,GSM3402716
C009,10308,15,ZNF799,C2H2 Zinc Finger,ZNF,0.8318977549148623,0.5029756070206173,0.4019426290718607,GSM2466668
C009,10308,15,ZNF823,C2H2 Zinc Finger,ZNF,0.941426870188488,0.8147470610953252,0.722892899152688,GSM2466675
C010,10309,12,ZNF28,C2H2 Zinc Finger,ZNF,0.9686438744800938,0.9063439759917056,0.8012065652769061,GSM2466521
C010,10309,12,ZNF320,C2H2 Zinc Finger,ZNF,0.9620968787793792,0.883598851805434,0.7746704883910408,GSM2466529
C010,10309,12,ZNF468,C2H2 Zinc Finger,ZNF,0.9875412360300098,0.9668946202609474,0.8929549558970228,GSM2466567
C010,10309,12,ZNF525,C2H2 Zinc Finger,ZNF,0.9101933988651802,0.8357460031126114,0.8170737764147443,GSM2466579
C010,10309,12,ZNF578,C2H2 Zinc Finger,ZNF,0.8806455358179496,0.7154743108197892,0.6736774001351402,GSM3402713
C010,10309,12,ZNF611,C2H2 Zinc Finger,ZNF,0.9700514782925608,0.9266546243611358,0.8246072349471093,GSM2466611
C010,10309,12,ZNF701,C2H2 Zinc Finger,ZNF,0.9142450156860809,0.7850937059031537,0.6293650591517481,GSM2938898
C010,10309,12,ZNF761,C2H2 Zinc Finger,ZNF,0.9576506761695904,0.9122056360178344,0.7651146384927296,GSM5215642
C010,10309,12,ZNF765,C2H2 Zinc Finger,ZNF,0.9613758645572664,0.9095799317140554,0.8103449369753691,GSM2466651
C010,10309,12,ZNF808,C2H2 Zinc Finger,ZNF,0.9233278900990788,0.8076381834947226,0.6805393030844682,GSM2466672
C010,10309,12,ZNF816,C2H2 Zinc Finger,ZNF,0.9580727448357852,0.8956345887496616,0.7629642700751977,GSM6372196
C010,10309,12,ZNF860,C2H2 Zinc Finger,ZNF,0.909375,0.8542313519108404,0.7291762635597034,GSM2466679
C011,64,11,KLF1,C2H2 Zinc Finger,KLF,0.9756326860841424,0.9478815764873568,0.8134089137222252,GSM1067275
C011,64,11,KLF10,C2H2 Zinc Finger,KLF,0.9623221561911982,0.9157133342496088,0.7837459466981924,GSM2574747
C011,64,11,KLF11,C2H2 Zinc Finger,KLF,0.9622905982905984,0.933649045849534,0.7999996412036001,GSM1443813
C011,64,11,KLF12,C2H2 Zinc Finger,KLF,0.9661880472021316,0.9446042035271132,0.8104490119380122,GSM5215153
C011,64,11,KLF3,C2H2 Zinc Finger,KLF,0.9768297145978424,0.9646846734297444,0.8577776023850536,GSM4192052
C011,64,11,KLF5,C2H2 Zinc Finger,KLF,0.9579488494411572,0.8969321282332937,0.7790795399819077,GSM4447200
C011,64,11,KLF7,C2H2 Zinc Finger,KLF,0.9454369869628196,0.929757559547449,0.697261113047375,GSM2026749
C011,64,11,KLF9,C2H2 Zinc Finger,KLF,0.9922281766093696,0.9885539960376136,0.9208361138841804,GSM1522563
C011,64,11,Klf16,C2H2 Zinc Finger,KLF,0.9459144313899356,0.8686720059843365,0.7383206018119709,GSM2527382
C011,64,11,Klf4,C2H2 Zinc Finger,KLF,0.9639424987940184,0.92164087741434,0.7876901023935878,GSM3597672
C011,64,11,Klf6,C2H2 Zinc Finger,KLF,0.9630641810918776,0.9162491853656636,0.7910715977238287,GSM2534396
C012,10310,10,ZNF124,C2H2 Zinc Finger,ZNF,0.9476272335181762,0.8796837544621097,0.751335852471188,GSM5215048
C012,10310,10,ZNF136,C2H2 Zinc Finger,ZNF,0.8674495717048909,0.3965752750628258,0.2857525427657099,GSM2026789
C012,10310,10,ZNF490,C2H2 Zinc Finger,ZNF,0.9877847580548303,0.952020129589262,0.8759560142081035,GSM2026888
C012,10310,10,ZNF564,C2H2 Zinc Finger,ZNF,0.9490489130434784,0.8580672726618431,0.7849860735165795,GSM2466598
C012,10310,10,ZNF627,C2H2 Zinc Finger,ZNF,0.935047305635541,0.8525855744220847,0.8076422393288307,GSM2466620
C012,10310,10,ZNF669,C2H2 Zinc Finger,ZNF,0.9392960022482962,0.7737104608367188,0.6947241337812345,GSM2466625
C012,10310,10,ZNF670,C2H2 Zinc Finger,ZNF,0.9686631791805874,0.9064371228803068,0.8404119799086317,GSM2825542
C012,10310,10,ZNF709,C2H2 Zinc Finger,ZNF,0.9672208385222084,0.9407372633393676,0.8099867082870092,GSM5215570
C012,10310,10,ZNF791,C2H2 Zinc Finger,ZNF,0.9451916504052644,0.8168634308181282,0.7072034795004317,GSM2828913
C012,10310,10,ZNF101,C2H2 Zinc Finger,ZNF,0.8903457341269843,0.7585674479983011,0.6081039408676686,GSM2423517
C013,388,9,HOXA3,Homeodomain,Homeodomain,0.9612002665778074,0.9220024355189458,0.7703304133337487,GSM5215609
C013,388,9,HOXA5,Homeodomain,Homeodomain,0.9605411979881116,0.9140341402662524,0.7609083964344006,GSM5214768
C013,388,9,HOXA7,Homeodomain,Homeodomain,0.811089962683258,0.5615205640725879,0.4318644545838452,GSM5213824
C013,388,9,HOXB5,Homeodomain,Homeodomain,0.9665236051502146,0.9448224997143309,0.800522340560762,GSM5215275
C013,388,9,HOXB7,Homeodomain,Homeodomain,0.8823632346829406,0.5982879800494556,0.5030642350970705,GSM1145932
C013,388,9,HOXC5,Homeodomain,Homeodomain,0.9535955137886672,0.8704223641152478,0.7348315584580127,GSM2572272
C013,388,9,Hoxa9,Homeodomain,Homeodomain,0.9504060596429896,0.8545083452823462,0.7221338779955557,GSM5269347
C013,388,9,Hoxb8,Homeodomain,Homeodomain,0.9288986215130792,0.7967023373238429,0.6286821373671065,GSM3665347
C013,388,9,Hoxc9,Homeodomain,Homeodomain,0.9527709887319474,0.8661368382574368,0.734286918032925,GSM848789
C014,10311,9,ZNF160,C2H2 Zinc Finger,ZNF,0.9665524984261998,0.9258836099516018,0.8829231971552336,GSM3402703
C014,10311,9,ZNF480,C2H2 Zinc Finger,ZNF,0.9364237372285662,0.803733595251334,0.7095459909011437,GSM2466569
C014,10311,9,ZNF528,C2H2 Zinc Finger,ZNF,0.922060940285205,0.8030757104549773,0.6651355628900157,GSM2026811
C014,10311,9,ZNF534,C2H2 Zinc Finger,ZNF,0.9868548094373866,0.9558237916743224,0.872228384737387,GSM2466584
C014,10311,9,ZNF610,C2H2 Zinc Finger,ZNF,0.9251759276582476,0.8424737917634735,0.7026811939448567,GSM2423864
C014,10311,9,ZNF616,C2H2 Zinc Finger,ZNF,0.9768540970564836,0.966989912975659,0.8338112505747659,GSM5215705
C014,10311,9,ZNF766,C2H2 Zinc Finger,ZNF,0.9382935160078016,0.8022350849869493,0.6868534158143451,GSM2825565
C014,10311,9,ZNF83,C2H2 Zinc Finger,ZNF,0.9750927605409706,0.9622619368193543,0.8167443583251818,GSM5214276
C014,10311,9,ZNF880,C2H2 Zinc Finger,ZNF,0.9063795853269536,0.6965359693972417,0.4713628407871356,GSM2466681
C015,10312,8,ZNF121,C2H2 Zinc Finger,ZNF,0.9610294194646244,0.8360273848107953,0.7277660819186008,GSM5215294
C015,10312,8,ZNF266,C2H2 Zinc Finger,ZNF,0.9306915406301438,0.8034779975422542,0.7471028400370598,GSM2827472
C015,10312,8,ZNF426,C2H2 Zinc Finger,ZNF,0.9136036377415688,0.7618320480885938,0.6456804452382429,GSM3402709
C015,10312,8,ZNF560,C2H2 Zinc Finger,ZNF,0.9471936728811032,0.8294145763903292,0.7663481754671927,GSM2827456
C015,10312,8,ZNF561,C2H2 Zinc Finger,ZNF,0.9666952858255295,0.9225291001170802,0.8245565093781566,GSM2466596
C015,10312,8,ZNF562,C2H2 Zinc Finger,ZNF,0.9427772227772228,0.7901195508932353,0.6776795272598428,GSM2466597
C015,10312,8,ZNF778,C2H2 Zinc Finger,ZNF,0.9651981239940866,0.94623619840553,0.7988146796029221,GSM5214896
C015,10312,8,ZNF846,C2H2 Zinc Finger,ZNF,0.970888661899898,0.9468546153698332,0.8291855395717257,GSM2466676
C016,10313,7,ZNF350,C2H2 Zinc Finger,ZNF,0.9688719257540604,0.951998332772891,0.8037065634195621,GSM5214587
C016,10313,7,ZNF432,C2H2 Zinc Finger,ZNF,0.964659522049766,0.9387864027562276,0.7982514784068082,GSM5214227
C016,10313,7,ZNF613,C2H2 Zinc Finger,ZNF,0.8460587550901687,0.6488956305174702,0.5270224122860344,GSM2466612
C016,10313,7,ZNF614,C2H2 Zinc Finger,ZNF,0.8446831110586569,0.5974275997893481,0.4621656503982499,GSM2466613
C016,10313,7,ZNF615,C2H2 Zinc Finger,ZNF,0.949710747025551,0.8934332105352558,0.7187833213603196,GSM5214514
C016,10313,7,ZNF649,C2H2 Zinc Finger,ZNF,0.9877069185730364,0.9757144607852248,0.9276314077539424,GSM2466622
C016,10313,7,ZNF793,C2H2 Zinc Finger,ZNF,0.9845213543518628,0.9398556927330136,0.8573368928717207,GSM2466666
C017,10314,7,ZFP37,C2H2 Zinc Finger,ZFP,0.9255574825909868,0.8254589195889244,0.6864773391825615,GSM2423377
C017,10314,7,ZNF146,C2H2 Zinc Finger,ZNF,0.9899884744771098,0.9681328761521067,0.921761763923524,GSM2423862
C017,10314,7,ZNF25,C2H2 Zinc Finger,ZNF,0.9430203497615262,0.8914985015885536,0.7208743360623636,GSM5215289
C017,10314,7,ZNF260,C2H2 Zinc Finger,ZNF,0.9734964775027002,0.8930010834729031,0.7832019447894353,GSM2026812
C017,10314,7,ZNF329,C2H2 Zinc Finger,ZNF,0.9634344481894392,0.8786299287837689,0.7470072002688994,GSM2026823
C017,10314,7,ZNF35,C2H2 Zinc Finger,ZNF,0.9165542919036016,0.7671187344704753,0.641810085286423,GSM2026761
C017,10314,7,ZNF569,C2H2 Zinc Finger,ZNF,0.9605084244753176,0.908100262593408,0.7777559388992793,GSM5213972
C018,10315,7,ZNF177,C2H2 Zinc Finger,ZNF,0.8980159643871365,0.7369647455167354,0.6279373732698174,GSM5374142
C018,10315,7,ZNF317,C2H2 Zinc Finger,ZNF,0.9323173045469412,0.8022260732172609,0.6618788494760273,GSM5213938
C018,10315,7,ZNF333,C2H2 Zinc Finger,ZNF,0.98367258834766,0.9810506334128888,0.8699056695913144,GSM5214755
C018,10315,7,ZNF557,C2H2 Zinc Finger,ZNF,0.948590333955611,0.895077063407953,0.718541778496236,GSM5214760
C018,10315,7,ZNF558,C2H2 Zinc Finger,ZNF,0.8958708589480875,0.727509413458167,0.602678639768883,GSM2423492
C018,10315,7,ZNF8,C2H2 Zinc Finger,ZNF,0.9330388737129648,0.7659613746083953,0.6818559061305388,GSM5331012
C018,10315,7,ZNF891,C2H2 Zinc Finger,ZNF,0.9747982619491,0.9649382237252512,0.8429506354664386,GSM5213974
C019,10316,7,ZNF253,C2H2 Zinc Finger,ZNF,0.8993283511493709,0.6503763573193334,0.6020458016684949,GSM5214373
C019,10316,7,ZNF486,C2H2 Zinc Finger,ZNF,0.8591228070175438,0.6904543458271073,0.4706787243316417,GSM2466573
C019,10316,7,ZNF506,C2H2 Zinc Finger,ZNF,0.9835730600966492,0.9302543334195812,0.856960464730283,GSM2466577
C019,10316,7,ZNF626,C2H2 Zinc Finger,ZNF,0.8022875816993463,0.3985556398137465,0.2818507401395428,GSM2466619
C019,10316,7,ZNF737,C2H2 Zinc Finger,ZNF,0.96453671263511,0.9363350057494256,0.7600251548325355,GSM5214797
C019,10316,7,ZNF90,C2H2 Zinc Finger,ZNF,0.952780487804878,0.8509740514524191,0.8613973647824799,GSM2466684
C019,10316,7,ZNF93,C2H2 Zinc Finger,ZNF,0.961942758260774,0.9079530061487736,0.8009576840975043,GSM2466685
C020,14,6,SMAD9,SMAD,SMAD,0.964978497057492,0.9427765087856608,0.7946376846170796,GSM5214199
C020,14,6,Smad1,SMAD,SMAD,0.9707529756868054,0.919473298554169,0.8115658872398687,GSM722425
C020,14,6,Smad2,SMAD,SMAD,0.9619991354622576,0.8830909448997651,0.745704916814857,GSM3533584
C020,14,6,Smad3,SMAD,SMAD,0.935734092190945,0.8501512236530601,0.7306407783248625,GSM2807310
C020,14,6,Smad4,SMAD,SMAD,0.9455390962418616,0.8377204667730921,0.7146053679484076,GSM2534492
C020,14,6,Smad5,SMAD,SMAD,0.9588054571690936,0.9426370466120896,0.8109490578980645,GSM2527374
C021,99,6,Prdm9,Unknown/Other,Unknown/Other,0.8310185185185185,0.5242698827268005,0,GSM2466446
C021,99,6,ZNF133,C2H2 Zinc Finger,ZNF,0.9533961146911846,0.8618263422346778,0.7471087114676769,GSM2466476
C021,99,6,ZNF169,C2H2 Zinc Finger,ZNF,0.9369642491142798,0.8378111189664003,0.6847095251243622,GSM5214930
C021,99,6,ZNF337,C2H2 Zinc Finger,ZNF,0.9534864165588616,0.8747634299050936,0.7605525856226993,GSM5214174
C021,99,6,ZNF343,C2H2 Zinc Finger,ZNF,0.9617125,0.9309582134931615,0.779109628913125,GSM5215269
C021,99,6,ZNF589,C2H2 Zinc Finger,ZNF,,,,GSM2563966
C022,118,6,ZNF212,C2H2 Zinc Finger,ZNF,0.90967385919697,0.7121525159789732,0.6048892114878136,GSM5213832
C022,118,6,ZNF282,C2H2 Zinc Finger,ZNF,0.9806461538461538,0.9712930950059548,0.8775071148176136,GSM2466516
C022,118,6,ZNF398,C2H2 Zinc Finger,ZNF,0.9555754999212724,0.9005735739317579,0.7762783104249478,GSM2827460
C022,118,6,ZNF746,C2H2 Zinc Finger,ZNF,0.9020928899082568,0.717083888700816,0.6906401938035179,GSM3402720
C022,118,6,ZNF777,C2H2 Zinc Finger,ZNF,0.9835970961887476,0.9821384401933057,0.8773845922151191,GSM5214377
C022,118,6,ZNF783,C2H2 Zinc Finger,ZNF,0.9967403869842896,0.9988049235013758,0.952073136193029,GSM2466659
C023,282,6,MAF,Unknown/Other,Unknown/Other,0.9681427481747849,0.9454881265480872,0.82069155924445,GSM1859073
C023,282,6,MAFB,Unknown/Other,Unknown/Other,0.9572881724898824,0.9275496747360392,0.7974792811161606,GSM1278507
C023,282,6,MAFK,Unknown/Other,Unknown/Other,0.9493559643448058,0.8660605879222808,0.7059165550946263,GSM1159670
C023,282,6,Maff,Unknown/Other,Unknown/Other,0.9687605495583906,0.9183537634080208,0.8074314272710004,GSM2423084
C023,282,6,Mafg,Unknown/Other,Unknown/Other,0.957823826966684,0.9102086839084172,0.7685215548643927,GSM5213893
C023,282,6,NRL,Unknown/Other,Unknown/Other,0.9791292428198434,0.9746906390250984,0.8557454754995601,GSM5214854
C024,380,6,Lef1,Unknown/Other,Unknown/Other,0.9203488372093024,0.7837490715729892,0.6991387029797652,GSM1875147
C024,380,6,TCF3,Unknown/Other,Unknown/Other,0.9306788070731064,0.8434474161202551,0.6728569891649767,GSM1082309
C024,380,6,TCF4,Unknown/Other,Unknown/Other,0.968843357271095,0.9190082836860204,0.7898437767609578,GSM1975020
C024,380,6,TCF7L1,Unknown/Other,Unknown/Other,0.7858645562011621,0.4674868879961326,0.3940119113599578,GSM2124633
C024,380,6,TCF7L2,Unknown/Other,Unknown/Other,0.945932801261208,0.8227787492530476,0.7014023638907901,GSM5214910
C024,380,6,Tcf7,Unknown/Other,Unknown/Other,0.91931768210809,0.7240253283843339,0.5846880028165806,GSM3123436
C025,10317,6,ZNF354A,C2H2 Zinc Finger,ZNF,0.8705580530889104,0.7552014147567991,0.7490424670341814,GSM2466540
C025,10317,6,ZNF354B,C2H2 Zinc Finger,ZNF,0.8797674179844557,0.6381545014823715,0.5583761566251964,GSM5214239
C025,10317,6,ZNF354C,C2H2 Zinc Finger,ZNF,0.9649098417782525,0.8806417491180565,0.8002844995343423,GSM2423266
C025,10317,6,ZNF485,C2H2 Zinc Finger,ZNF,0.9775644948064212,0.9669433561287888,0.8346484884838424,GSM5215420
C025,10317,6,ZNF74,C2H2 Zinc Finger,ZNF,0.8845950797170309,0.7161531316743321,0.6765449125436008,GSM2466647
C025,10317,6,ZNF879,C2H2 Zinc Finger,ZNF,0.8060970649716711,0.4154959847479533,0.3478196622473481,GSM2466680
C026,10318,6,ZNF417,C2H2 Zinc Finger,ZNF,0.9379888061084548,0.8640519670768879,0.7636815326564281,GSM2466547
C026,10318,6,ZNF418,C2H2 Zinc Finger,ZNF,0.8738408890197232,0.6175825514522109,0.5534180818382367,GSM2466548
C026,10318,6,ZNF552,C2H2 Zinc Finger,ZNF,0.8101010101010101,0.6353312392546498,0.4306715858917114,GSM2466592
C026,10318,6,ZNF586,C2H2 Zinc Finger,ZNF,0.9815334177549544,0.9723529948325912,0.929620828245932,GSM2026882
C026,10318,6,ZNF587,C2H2 Zinc Finger,ZNF,0.8671186440677966,0.5969624144838804,0.5113278283307156,GSM2466608
C026,10318,6,ZNF776,C2H2 Zinc Finger,ZNF,0.9854541984732824,0.9848121163528548,0.8783517248353018,GSM5213864
C027,10319,6,ZNF141,C2H2 Zinc Finger,ZNF,0.9833929562067616,0.9588745721643558,0.8904786002008124,GSM2466479
C027,10319,6,ZNF479,C2H2 Zinc Finger,ZNF,0.9879250753885408,0.9590085571303664,0.8745834326934178,GSM2466568
C027,10319,6,ZNF595,C2H2 Zinc Finger,ZNF,0.8248697916666667,0.6598804563728508,0.6169526972391244,GSM2026826
C027,10319,6,ZNF716,C2H2 Zinc Finger,ZNF,0.8361369704476006,0.6069608874361423,0.519616055148339,GSM2466642
C027,10319,6,ZNF736,C2H2 Zinc Finger,ZNF,0.9008524001794528,0.822693479135948,0.7480731039565219,GSM2466644
C027,10319,6,ZNF519,C2H2 Zinc Finger,ZNF,0.979784033937524,0.93947121763326,0.8270956895395093,GSM2466578
C028,100,5,ZKSCAN2,Unknown/Other,Unknown/Other,0.9089619685325064,0.788756277671299,0.6773642921819357,GSM2466458
C028,100,5,ZNF213,C2H2 Zinc Finger,ZNF,0.9269932756964456,0.8214936793785536,0.7399696893607897,GSM3402721
C028,100,5,ZSCAN20,Unknown/Other,Unknown/Other,0.9305982869379016,0.7999929880723831,0.6583004106064092,GSM2423936
C028,100,5,ZSCAN29,Unknown/Other,Unknown/Other,0.9429747351263243,0.8696303344126944,0.7049364823310607,GSM5214069
C028,100,5,ZSCAN32,Unknown/Other,Unknown/Other,0.9186825248651412,0.7656641807131217,0.6445830154319133,GSM5214783
C029,255,5,POU2F2,Unknown/Other,Unknown/Other,0.9671887520525452,0.9170831280186796,0.780013025997218,GSM2095818
C029,255,5,POU2F3,Unknown/Other,Unknown/Other,0.9695089314864046,0.9197809162265368,0.8166875058991517,GSM3165679
C029,255,5,POU3F2,Unknown/Other,Unknown/Other,0.9593795748939088,0.9017905363602412,0.756210786708285,GSM1934423
C029,255,5,Pou2f1,Unknown/Other,Unknown/Other,0.9279759213546404,0.7962844913210976,0.6734790373681632,GSM3507240
C029,255,5,Pou5f1,Unknown/Other,Unknown/Other,0.9901226287262872,0.9898849179180986,0.9322501873700118,GSM539547
C030,284,5,E2F1,bHLH,bHLH,0.9495289256198348,0.9010541634887256,0.7643278393998196,GSM2501567
C030,284,5,E2F2,bHLH,bHLH,0.9776528117359414,0.9698997389758216,0.8468882336144932,GSM5213912
C030,284,5,E2F3,bHLH,bHLH,0.935776306210124,0.868642497436142,0.7052212454742681,GSM5214110
C030,284,5,E2F4,bHLH,bHLH,0.982543890865955,0.976024562998724,0.869637516441066,GSM5215179
C030,284,5,E2F5,bHLH,bHLH,0.9827310182460272,0.98143375070343,0.8553884044847027,GSM5214544
C031,359,5,GATA1,GATA,GATA,0.9643262650061708,0.9024363171862698,0.7862307881534644,GSM1278240
C031,359,5,GATA3,GATA,GATA,0.922922809111708,0.7936691252250444,0.6480546551201907,GSM1010738
C031,359,5,Gata2,GATA,GATA,0.96696991290578,0.9387764678871556,0.777133208030547,GSM3272024
C031,359,5,Gata4,GATA,GATA,0.9470638319412809,0.862744748451548,0.7373720193373248,GSM3271996
C031,359,5,Gata6,GATA,GATA,0.9352971386647104,0.8491001369774485,0.7376973446156507,GSM3381975
C032,377,5,SOX15,SOX,SOX,0.9164662147386836,0.701398536715596,0.698252309681429,GSM5667459
C032,377,5,SOX2,SOX,SOX,0.9384418153136754,0.8405418774531033,0.6720911169893313,GSM1701828
C032,377,5,SOX21,SOX,SOX,0.935515846908252,0.8248388949146968,0.6808772694520235,GSM2994927
C032,377,5,SOX4,SOX,SOX,0.9778996967576392,0.9721348340517284,0.8671754897000151,GSM1970164
C032,377,5,Sox11,SOX,SOX,0.6088291993803805,0.2305633360042157,0,GSM1260313
C033,411,5,TBX1,Unknown/Other,Unknown/Other,0.7652640264026402,0.5010395833254354,0.4426801218928086,GSM3021587
C033,411,5,TBX18,Unknown/Other,Unknown/Other,0.9535745582006716,0.9040719651465968,0.7659195996901482,GSM5215131
C033,411,5,TBX3,Unknown/Other,Unknown/Other,0.909160339466984,0.7750462117879261,0.653674624572333,GSM2423732
C033,411,5,Tbx2,Unknown/Other,Unknown/Other,0.9395040849673202,0.84614995418356,0.7042795425557022,GSM5213924
C033,411,5,Tbx5,Unknown/Other,Unknown/Other,0.9464324720788934,0.8590437349826847,0.7147586666078497,GSM2280027
C034,10320,5,ZNF175,C2H2 Zinc Finger,ZNF,0.9648978780931154,0.8906711736438441,0.7994884733775273,GSM2423017
C034,10320,5,ZNF41,C2H2 Zinc Finger,ZNF,0.8651201177659315,0.6221742891608782,0.4804895825199095,GSM5214094
C034,10320,5,ZNF484,C2H2 Zinc Finger,ZNF,0.9654904580326112,0.9408954586992652,0.8032409891443236,GSM5214427
C034,10320,5,ZNF585A,C2H2 Zinc Finger,ZNF,0.8631223890567205,0.6317830599669914,0.4983827495308079,GSM2466607
C034,10320,5,ZNF81,C2H2 Zinc Finger,ZNF,0.9510600422575046,0.8536503552019001,0.8134722742460109,GSM2466674
C035,10321,5,ZFP28,C2H2 Zinc Finger,ZFP,0.8458889960060598,0.610226300397444,0.5943891589307624,GSM3402700
C035,10321,5,ZNF527,C2H2 Zinc Finger,ZNF,0.8797235023041475,0.7759860349911087,0.7282635757451126,GSM2466580
C035,10321,5,ZNF570,C2H2 Zinc Finger,ZNF,0.7802962962962963,0.4788408444796843,0.3694741898052279,GSM2466602
C035,10321,5,ZNF583,C2H2 Zinc Finger,ZNF,0.898498901323522,0.7414883947116458,0.5848241644714475,GSM5214241
C035,10321,5,ZNF667,C2H2 Zinc Finger,ZNF,0.890625,0.6376303784972905,0.4879500364742666,GSM2466624
C036,10322,5,ZNF264,C2H2 Zinc Finger,ZNF,0.9483443392919734,0.870720540918311,0.7197390638285565,GSM5214155
C036,10322,5,ZNF460,C2H2 Zinc Finger,ZNF,0.9441373911654286,0.770282172601358,0.6151218273600538,GSM5214269
C036,10322,5,ZNF543,C2H2 Zinc Finger,ZNF,0.963302713047394,0.932454189957961,0.7939621313163538,GSM5215509
C036,10322,5,ZNF550,C2H2 Zinc Finger,ZNF,0.9605236861584012,0.9262342350579964,0.7672317377411333,GSM5215298
C036,10322,5,ZNF805,C2H2 Zinc Finger,ZNF,0.9348422805201818,0.7581815903437122,0.7269545633435897,GSM2466671
C037,10323,5,ZNF555,C2H2 Zinc Finger,ZNF,0.9022347752836828,0.6854618031169686,0.6012014575572987,GSM2466593
C037,10323,5,ZNF556,C2H2 Zinc Finger,ZNF,0.9537354826546004,0.901440353649136,0.73962079479073,GSM5215682
C037,10323,5,ZNF57,C2H2 Zinc Finger,ZNF,0.9072652696556204,0.7117498412277308,0.6268991235935462,GSM5215105
C037,10323,5,ZNF699,C2H2 Zinc Finger,ZNF,0.9096570028583096,0.7290870413707675,0.6698517424800629,GSM6372198
C037,10323,5,ZNF77,C2H2 Zinc Finger,ZNF,0.9223736865968816,0.7289435053678361,0.6298816818048293,GSM5214626
C038,45,4,SALL2,Unknown/Other,Unknown/Other,0.9352891816503096,0.8384116218758537,0.7408743102847704,GSM2824365
C038,45,4,Sall1,Unknown/Other,Unknown/Other,0.9485118959155164,0.8613610802023414,0.7936213170254032,GSM2824335
C038,45,4,Sall3,Unknown/Other,Unknown/Other,0.9498362003828664,0.9286470719977136,0.7964075667034549,GSM3258646
C038,45,4,Sall4,Unknown/Other,Unknown/Other,0.9730550239532276,0.9462824068296464,0.854411422628391,GSM3082674
C039,62,4,SP2,C2H2 Zinc Finger,SP,0.991113834422658,0.9921507617596336,0.9214982654860516,GSM2026796
C039,62,4,SP4,C2H2 Zinc Finger,SP,0.9955622076707202,0.9969830107320176,0.9292002639731104,GSM2026799
C039,62,4,SP5,C2H2 Zinc Finger,SP,0.9541457199032064,0.8932127011275256,0.7605607514342198,GSM2527396
C039,62,4,Sp1,C2H2 Zinc Finger,SP,0.9532371731541855,0.8931887986594802,0.7408145061078599,GSM1010902
C040,80,4,SCRT1,Unknown/Other,Unknown/Other,0.932885375862712,0.8237649364600411,0.701931128733296,GSM2423730
C040,80,4,SCRT2,Unknown/Other,Unknown/Other,0.951055260513851,0.8659328735652198,0.7570268868604566,GSM2423341
C040,80,4,SNAI2,Unknown/Other,Unknown/Other,0.9709210211040458,0.931235271466402,0.8046197543568765,GSM1336154
C040,80,4,Snai1,Unknown/Other,Unknown/Other,0.9637343106995884,0.93985625391335,0.7967811207673418,GSM5215210
C041,96,4,Repin1,Unknown/Other,Unknown/Other,0.9409850890111264,0.8534034315433185,0.7445455360936001,GSM4307849
C041,96,4,ZNF316,C2H2 Zinc Finger,ZNF,0.9750501730103804,0.9463346049110732,0.8756125415354991,GSM2423115
C041,96,4,ZNF467,C2H2 Zinc Finger,ZNF,0.9838354357798164,0.9588523742958288,0.873002162003942,GSM2026821
C041,96,4,ZNF775,C2H2 Zinc Finger,ZNF,0.9219870643004726,0.8209164871712865,0.6644198623661564,GSM5214683
C042,144,4,TEAD1,Unknown/Other,Unknown/Other,0.8865156207552295,0.7978883338397096,0.6600605572786022,GSM2643552
C042,144,4,TEAD4,Unknown/Other,Unknown/Other,0.9397934443563308,0.8426672886762883,0.7059121774489585,GSM2232927
C042,144,4,Tead2,Unknown/Other,Unknown/Other,0.8612428842504745,0.5846092748007922,0.4316807025625011,GSM2423777
C042,144,4,Tead3,Unknown/Other,Unknown/Other,0.9514116013381304,0.8623998993754134,0.7118629322487228,GSM2534286
C043,212,4,ZNF280A,C2H2 Zinc Finger,ZNF,0.9099711687953872,0.715911626248199,0.627716223504474,GSM2026795
C043,212,4,ZNF280B,C2H2 Zinc Finger,ZNF,0.9814143692564744,0.9767330932338028,0.8711427112530746,GSM5215277
C043,212,4,ZNF280C,C2H2 Zinc Finger,ZNF,0.9613221589004358,0.8808464346349777,0.7876275998909092,GSM2825102
C043,212,4,ZNF280D,C2H2 Zinc Finger,ZNF,0.9212946278317152,0.806907363680909,0.6515476634774278,GSM5214076
C044,330,4,NFATC3,Unknown/Other,Unknown/Other,0.9672788203753352,0.9468371669909136,0.8061643463289107,GSM2574801
C044,330,4,NFATC4,Unknown/Other,Unknown/Other,0.9370706451681072,0.8443203330362982,0.6959879284562149,GSM6347346
C044,330,4,Nfatc1,Unknown/Other,Unknown/Other,0.943392857142857,0.870360389718328,0.7470496736421881,GSM3717668
C044,330,4,Nfatc2,Unknown/Other,Unknown/Other,0.8790793009664858,0.68548723288802,0.5660943088631537,GSM2810040
C045,345,4,FOS,bZIP,bZIP,0.9819855117139332,0.9498651456559783,0.8588864231880816,GSM3184658
C045,345,4,FOSB,bZIP,bZIP,0.9859888630436316,0.970386702918092,0.890615882133567,GSM610337
C045,345,4,FOSL1,bZIP,bZIP,0.9581763766162448,0.8959742918632309,0.7839084577959963,GSM1010756
C045,345,4,Fosl2,bZIP,bZIP,0.9617226188297028,0.9065584300267612,0.7820624044552902,GSM5214172
C046,352,4,SIX2,Unknown/Other,Unknown/Other,0.941168143565736,0.8495076505639487,0.723823659843228,GSM1970531
C046,352,4,SIX4,Unknown/Other,Unknown/Other,0.952964667421099,0.8618770554140712,0.7326384372558336,GSM5214658
C046,352,4,SIX5,Unknown/Other,Unknown/Other,0.9195343437988692,0.8129821438099163,0.6515260131519014,GSM1010879
C046,352,4,Six1,Unknown/Other,Unknown/Other,0.9368941317007616,0.8074776926018675,0.68174213851496,GSM5215247
C047,353,4,PAX3,Homeodomain,Homeodomain,0.94099765379113,0.8368064985018194,0.6724071765963548,GSM3565106
C047,353,4,PAX8,Homeodomain,Homeodomain,0.7456557790756363,0.5110237463644269,0.3946782908494601,GSM2107942
C047,353,4,Pax5,Homeodomain,Homeodomain,0.9465120135363788,0.8354242778698509,0.6966889946096886,GSM803362
C047,353,4,Pax7,Homeodomain,Homeodomain,0.9725471969069318,0.9091596695530242,0.8065694002848243,GSM2629527
C048,366,4,FOXP4,Forkhead,Forkhead,0.9493024254806433,0.8519313437513562,0.7284199371749142,GSM5214072
C048,366,4,Foxp1,Forkhead,Forkhead,0.9316075448361164,0.8346088538623048,0.6801198920567552,GSM3633494
C048,366,4,Foxp2,Forkhead,Forkhead,0.9813810128367894,0.9639930362136552,0.8566675064545172,GSM803480
C048,366,4,Foxp3,Forkhead,Forkhead,0.9065101237747728,0.8163206511097082,0.6905958702606413,GSM3395256
C049,405,4,AR,Nuclear Receptor,Nuclear Receptor,0.9526288585042472,0.8677286516982887,0.7391874286590001,GSM980658
C049,405,4,Nr3c1,Nuclear Receptor,Nuclear Receptor,0.9094290868314564,0.7503945944035426,0.6208277998424325,GSM2519947
C049,405,4,Nr3c2,Nuclear Receptor,Nuclear Receptor,0.9110337036339672,0.8275587559912244,0.7394586507813686,GSM1708662
C049,405,4,PGR,Nuclear Receptor,Nuclear Receptor,0.9064580997757848,0.7314017460143937,0.5975809917302477,GSM3110066
C050,428,4,NFIC,Unknown/Other,Unknown/Other,0.9386919518963924,0.8255985992411068,0.6911688060755248,GSM1010880
C050,428,4,Nfia,Unknown/Other,Unknown/Other,0.9470222185098564,0.8623145996046605,0.7376085793166919,GSM2527615
C050,428,4,Nfib,Unknown/Other,Unknown/Other,0.9663511123787792,0.90397410629425,0.7703675647810109,GSM2828368
C050,428,4,Nfix,Unknown/Other,Unknown/Other,0.8938896648044692,0.704151259047321,0.6253249556692924,GSM5214038
C051,10324,4,ZNF619,C2H2 Zinc Finger,ZNF,0.9664487510766582,0.9458790509669432,0.792983998116489,GSM5215625
C051,10324,4,ZNF620,C2H2 Zinc Finger,ZNF,0.806198347107438,0.7208973993413476,0.677344378064993,GSM2466617
C051,10324,4,ZNF621,C2H2 Zinc Finger,ZNF,,,,GSM2466618
C051,10324,4,ZNF662,C2H2 Zinc Finger,ZNF,0.93662759646373,0.7970463794523125,0.7200517565958634,GSM2827532
C052,10325,4,ZNF251,C2H2 Zinc Finger,ZNF,0.9668449662041978,0.8815900851680624,0.7951003745546814,GSM3402706
C052,10325,4,ZNF3,C2H2 Zinc Finger,ZNF,0.9300143043591752,0.7921004194346872,0.6473071219853231,GSM2825550
C052,10325,4,ZNF554,C2H2 Zinc Finger,ZNF,0.9599567620286084,0.8708440802737062,0.7403050609649614,GSM2026822
C052,10325,4,ZNF713,C2H2 Zinc Finger,ZNF,0.9515903230173378,0.903732329059564,0.7415821601211866,GSM5214817
C053,10326,4,ZNF263,C2H2 Zinc Finger,ZNF,0.972418459131795,0.9532990606352244,0.8333815380628092,GSM5214687
C053,10326,4,ZNF394,C2H2 Zinc Finger,ZNF,0.9229179626194892,0.8133567539099642,0.6824466874550715,GSM2423060
C053,10326,4,ZNF449,C2H2 Zinc Finger,ZNF,0.9697140474940557,0.9467765476422174,0.886002343110134,GSM2026818
C053,10326,4,ZNF202,C2H2 Zinc Finger,ZNF,0.9958189290181242,0.998428771930974,0.9487581676343833,GSM2466493
C054,8,3,IRF4,Unknown/Other,Unknown/Other,0.9577059748427672,0.8638368654338632,0.7370946463130217,GSM803390
C054,8,3,IRF9,Unknown/Other,Unknown/Other,0.8982044012420684,0.7365015972183188,0.6723109314715433,GSM4830083
C054,8,3,Irf8,Unknown/Other,Unknown/Other,0.9864113336686492,0.954041821250064,0.8795543686020822,GSM3514948
C055,11,3,GRHL1,Unknown/Other,Unknown/Other,0.9804987748687192,0.951436314221359,0.8641928205750026,GSM4156315
C055,11,3,GRHL3,Unknown/Other,Unknown/Other,0.9812128637059724,0.9713715882386068,0.8743989733235894,GSM1034504
C055,11,3,Grhl2,Unknown/Other,Unknown/Other,0.976342006084548,0.9308639082927428,0.8341493422533437,GSM3096457
C056,13,3,TFCP2,Unknown/Other,Unknown/Other,0.9270003237610032,0.8454585617499594,0.7034027229220648,GSM5215603
C056,13,3,Tfcp2l1,Unknown/Other,Unknown/Other,0.9571387426538142,0.8713586560754614,0.791484425872731,GSM6372542
C056,13,3,UBP1,Unknown/Other,Unknown/Other,0.955155010680784,0.909868316409714,0.7655768497948021,GSM2797653
C057,21,3,ZBTB18,Unknown/Other,Unknown/Other,0.9629370792275258,0.9139838212194852,0.7618221955106861,GSM2026861
C057,21,3,ZBTB3,Unknown/Other,Unknown/Other,0.9471460019142086,0.8897776296004763,0.7354509115911216,GSM5214483
C057,21,3,ZBTB42,Unknown/Other,Unknown/Other,0.9636972130948034,0.9410161167428356,0.7904434201428752,GSM5214061
C058,29,3,Maz,Unknown/Other,Unknown/Other,0.9717628845776995,0.964459950478908,0.8134252744674242,GSM1499533
C058,29,3,PATZ1,Unknown/Other,Unknown/Other,0.961309763217645,0.9209121318447602,0.7788810474988421,GSM5215711
C058,29,3,VEZF1,Unknown/Other,Unknown/Other,0.9717278150633856,0.949388075465147,0.8021907079115934,GSM866196
C059,31,3,OVOL1,Unknown/Other,Unknown/Other,0.926439450002284,0.7816610514438844,0.654910181910595,GSM5214530
C059,31,3,OVOL2,Unknown/Other,Unknown/Other,0.9261047422196206,0.77021349623514,0.7001062010224537,GSM5667617
C059,31,3,OVOL3,Unknown/Other,Unknown/Other,0.8740797719467995,0.6993571147421046,0.5897253214438409,GSM2423939
C060,43,3,IKZF4,Unknown/Other,Unknown/Other,0.9837585957292796,0.9791435788774798,0.8611068895873045,GSM5331031
C060,43,3,Ikzf1,Unknown/Other,Unknown/Other,0.928205227379278,0.815594282909586,0.6828898915551416,GSM2827350
C060,43,3,Ikzf2,Unknown/Other,Unknown/Other,0.971648148148148,0.9344560897306866,0.8226484665871825,GSM2423992
C061,59,3,ZFX,Unknown/Other,Unknown/Other,0.956945492662474,0.9120145543664698,0.7533043109691921,GSM2825499
C061,59,3,ZFY,Unknown/Other,Unknown/Other,0.9837282913165266,0.9825695376357184,0.8589767400884051,GSM5215350
C061,59,3,ZNF711,C2H2 Zinc Finger,ZNF,0.9396459739027506,0.9129272249611076,0.7765685381457275,GSM2741765
C062,63,3,EGR1,Unknown/Other,Unknown/Other,0.9751690987124464,0.9659811702453908,0.8378140200286123,GSM5214022
C062,63,3,EGR3,Unknown/Other,Unknown/Other,0.992007098765432,0.9837432381065548,0.92537451682871,GSM2026802
C062,63,3,Egr2,Unknown/Other,Unknown/Other,0.9925739432254864,0.9863645221870924,0.9239897724805972,GSM2026759
C063,81,3,YY1,C2H2 Zinc Finger,YY1,0.9899901738473168,0.9919971565255707,0.9242008824421648,GSM2026776
C063,81,3,YY2,Unknown/Other,Unknown/Other,0.9407565828315032,0.8520053341701773,0.7320954421517984,GSM2827507
C063,81,3,Zfp42,C2H2 Zinc Finger,Zfp,0.9221961244862008,0.8704597071725769,0.7580479260735725,GSM2026848
C064,93,3,ZNF747,C2H2 Zinc Finger,ZNF,0.951041661759094,0.8616264078402808,0.7798223496452095,GSM2827587
C064,93,3,ZNF764,C2H2 Zinc Finger,ZNF,0.8503937007874016,0.5316397661516896,0.5278123334418899,GSM2466650
C064,93,3,ZNF785,C2H2 Zinc Finger,ZNF,0.8776868627832977,0.6590486585231458,0.6082313461305934,GSM5213943
C065,129,3,ZBTB26,Unknown/Other,Unknown/Other,0.9930354993983151,0.9935276828538792,0.9390605268286656,GSM2825531
C065,129,3,ZBTB6,Unknown/Other,Unknown/Other,0.9797988104731524,0.949375624467472,0.8277618441310262,GSM2026806
C065,129,3,Zbtb12,Unknown/Other,Unknown/Other,0.9288597710585976,0.8262181738583446,0.693440417701323,GSM5330759
C066,158,3,TFAP2A,Unknown/Other,Unknown/Other,0.9625169571679504,0.8925778392871541,0.7691514797588982,GSM1817199
C066,158,3,TFAP2B,Unknown/Other,Unknown/Other,0.9025172008726298,0.7981084803371837,0.7091875078559458,GSM5374230
C066,158,3,TFAP2C,Unknown/Other,Unknown/Other,0.9685201439684198,0.933775791916767,0.7984340444155741,GSM889426
C067,160,3,ELF1,Unknown/Other,Unknown/Other,0.9659021629270264,0.9389229438602744,0.8054321601555973,GSM1010764
C067,160,3,ELF2,Unknown/Other,Unknown/Other,0.9058138880200188,0.7672363864667889,0.6163151769874375,GSM5374824
C067,160,3,Elf4,Unknown/Other,Unknown/Other,0.9444021942401196,0.8955228659307666,0.7329843054746956,GSM5215543
C068,161,3,ELF3,Unknown/Other,Unknown/Other,0.940070735711088,0.8294457937787291,0.6927494993452291,GSM1574273
C068,161,3,Ehf,Unknown/Other,Unknown/Other,0.9623832442067736,0.8821099015355174,0.7607557929805161,GSM3138380
C068,161,3,Elf5,Unknown/Other,Unknown/Other,0.9125214408233276,0.8987130534317467,0.7607692878500991,GSM773912
C069,162,3,ETV1,Unknown/Other,Unknown/Other,0.9602551678602266,0.8790062924094205,0.7584520684116711,GSM2127447
C069,162,3,ETV4,Unknown/Other,Unknown/Other,0.885177288551212,0.7016929497650728,0.5261716543087008,GSM738817
C069,162,3,Etv5,Unknown/Other,Unknown/Other,0.9514475552850477,0.9030697370766474,0.7390140880324774,GSM5215523
C070,163,3,ETS1,Unknown/Other,Unknown/Other,0.9596303835642258,0.9175089889545784,0.778106143579815,GSM1252929
C070,163,3,Ets2,Unknown/Other,Unknown/Other,0.9136626613262128,0.8684288574679362,0.8833752205896317,GSM2298952
C070,163,3,Etv2,Unknown/Other,Unknown/Other,0.9779185656332948,0.942047272818028,0.8666631294042362,GSM3516725
C071,166,3,ELK3,Unknown/Other,Unknown/Other,0.8268461359944302,0.5044377780856606,0.4737967778860378,GSM5215532
C071,166,3,ELK4,Unknown/Other,Unknown/Other,0.97343777008775,0.9661898126571896,0.845315514356012,GSM5668838
C071,166,3,Elk1,Unknown/Other,Unknown/Other,0.9586270294479902,0.9213062410770844,0.7656496113600398,GSM5213949
C072,174,3,MTA2,Unknown/Other,Unknown/Other,0.944627851140456,0.864226279641572,0.7410973168752247,GSM969795
C072,174,3,MTA3,Unknown/Other,Unknown/Other,0.9044079932510808,0.7179110048455757,0.588875765579935,GSM1010729
C072,174,3,Mta1,Unknown/Other,Unknown/Other,0.979935929648241,0.9765030933622896,0.8595411651716623,GSM5215565
C073,181,3,RARB,Nuclear Receptor,Nuclear Receptor,0.8811505582072777,0.6480943963465043,0.5325747531260393,GSM5375113
C073,181,3,RARG,Nuclear Receptor,Nuclear Receptor,0.9569944981987974,0.907934424316592,0.7801345035861669,GSM1469991
C073,181,3,Rara,Nuclear Receptor,Nuclear Receptor,0.949716091954023,0.843035670767171,0.7247024566316869,GSM2534076
C074,184,3,Nr1h2,Unknown/Other,Unknown/Other,0.9398433748089936,0.8338617174771382,0.6900658789582126,GSM2042845
C074,184,3,Nr1h3,Unknown/Other,Unknown/Other,0.9259709925207196,0.7994464981299674,0.6653876700568125,GSM2042852
C074,184,3,Nr1h4,Unknown/Other,Unknown/Other,0.887141621604145,0.7742441022109144,0.6085877745822871,GSM1377535
C075,192,3,Nr2f1,Unknown/Other,Unknown/Other,0.947202634439542,0.8552666799374127,0.7083496021542425,GSM1817190
C075,192,3,Nr2f2,Unknown/Other,Unknown/Other,0.9700854329793008,0.8133294595652897,0.7167936773422164,GSM3863299
C075,192,3,Nr2f6,Unknown/Other,Unknown/Other,0.955579189523978,0.8711142409815629,0.7503032717502809,GSM2534449
C076,195,3,ESRRA,Nuclear Receptor,Nuclear Receptor,0.9433003535433484,0.8362690066090723,0.7091488948299153,GSM2160188
C076,195,3,ESRRG,Nuclear Receptor,Nuclear Receptor,0.9468013136289,0.8344048804290859,0.7113142528443845,GSM3119070
C076,195,3,Esrrb,Nuclear Receptor,Nuclear Receptor,0.9001118161588121,0.6955872009344506,0.6548552618167167,GSM5214290
C077,219,3,RUNX1,Unknown/Other,Unknown/Other,0.9883148479427548,0.993968092094995,0.9408462413315728,GSM2467011
C077,219,3,RUNX3,Unknown/Other,Unknown/Other,0.7765965918139831,0.4779251477627398,0.3509777969217377,GSM3535204
C077,219,3,Runx2,Unknown/Other,Unknown/Other,0.9451467531131008,0.8396155260045324,0.70917149066463,GSM3312807
C078,220,3,MXD1,bHLH,bHLH,0.9818867497168744,0.9769633716112388,0.8605463216728438,GSM5215037
C078,220,3,MXD3,bHLH,bHLH,0.9823702613176296,0.9848410986825858,0.8665620048354183,GSM2534622
C078,220,3,MXD4,bHLH,bHLH,0.9652762632978722,0.9329660067782012,0.7921894763949794,GSM2534025
C079,226,3,ATF1,bZIP,bZIP,0.959957900934717,0.9033646979589012,0.7614513632815582,GSM1861935
C079,226,3,CREM,Unknown/Other,Unknown/Other,0.975986895986896,0.938212378130346,0.8345065815120752,GSM2527443
C079,226,3,Creb1,bZIP,bZIP,0.9656852225747524,0.932301816367614,0.7975541974368959,GSM1861929
C080,240,3,MITF,Unknown/Other,Unknown/Other,0.993958315448085,0.9836761874257298,0.9361449499394014,GSM1517751
C080,240,3,TFE3,Unknown/Other,Unknown/Other,0.9546165546515742,0.8631090177676213,0.7370225530170212,GSM2534191
C080,240,3,TFEB,Unknown/Other,Unknown/Other,0.9562160603771246,0.8804978209384697,0.7702403815693397,GSM2354032
C081,300,3,MEF2B,Unknown/Other,Unknown/Other,0.91160462877893,0.7666586642159358,0.6423953271682776,GSM3011725
C081,300,3,MEF2D,Unknown/Other,Unknown/Other,0.9435060578524914,0.8708615456629685,0.7167703559740187,GSM5215167
C081,300,3,Mef2a,Unknown/Other,Unknown/Other,0.9523662241686056,0.8328183425718492,0.701522461968744,GSM803511
C082,332,3,ZNF532,C2H2 Zinc Finger,ZNF,,,,GSM2543140
C082,332,3,ZNF592,C2H2 Zinc Finger,ZNF,0.8831244768252984,0.6992101643879862,0.5522957104021717,GSM2825585
C082,332,3,ZNF687,C2H2 Zinc Finger,ZNF,0.9841420634920636,0.9847979189703236,0.884799138907905,GSM5215692
C083,343,3,CEBPA,bZIP,bZIP,0.9500882939086732,0.8799135233213116,0.781517007001405,GSM3392789
C083,343,3,CEBPD,bZIP,bZIP,0.9663669944331722,0.8995733833862559,0.7882380891321105,GSM5214881
C083,343,3,Cebpb,bZIP,bZIP,0.9863012511170688,0.9683730931656748,0.9087521967063312,GSM1684643
C084,347,3,ATF7,bZIP,bZIP,0.9394934161622598,0.848220190494757,0.7225138463102749,GSM2828822
C084,347,3,Atf2,bZIP,bZIP,0.9873153260352217,0.9793282269015544,0.9486718403994144,GSM2824378
C084,347,3,Creb5,bZIP,bZIP,0.9558469551282052,0.8590968744304337,0.7409294202522658,GSM4087688
C085,348,3,JUN,bZIP,bZIP,0.9745022869022868,0.9546578772391056,0.8147153820056003,GSM3070218
C085,348,3,JUNB,bZIP,bZIP,0.9552335079549864,0.8867166013171688,0.7742220974708061,GSM2437769
C085,348,3,JUND,bZIP,bZIP,0.9797433275019064,0.9623038167913524,0.9206660501906494,GSM1503220
C086,351,3,PBX1,Unknown/Other,Unknown/Other,0.9550255837563452,0.8818293602580162,0.7545403620489629,GSM1438989
C086,351,3,PBX3,Unknown/Other,Unknown/Other,0.891781256656017,0.7307873459910817,0.5513728473185185,GSM1831600
C086,351,3,Pbx4,Unknown/Other,Unknown/Other,0.9185510941151476,0.8010205883296141,0.6495454720342115,GSM2572277
C087,362,3,TSC22D2,Unknown/Other,Unknown/Other,0.9586848301379078,0.92495452325441,0.7694149468726358,GSM5214699
C087,362,3,TSC22D3,Unknown/Other,Unknown/Other,0.9449438667716143,0.8648969678388813,0.8109907667594102,GSM2675536
C087,362,3,TSC22D4,Unknown/Other,Unknown/Other,0.9406257137770732,0.8400401380280792,0.6953720922918252,GSM2574802
C088,370,3,FOXA1,Forkhead,Forkhead,0.9680166444147752,0.885652491841736,0.7648655246772795,GSM1716765
C088,370,3,FOXA2,Forkhead,Forkhead,0.9513003990119704,0.8588613474705397,0.7146231522262951,GSM2977503
C088,370,3,Foxa3,Forkhead,Forkhead,0.9520465868035748,0.8486993181336724,0.7291104319711217,GSM2527454
C089,371,3,FOXS1,Forkhead,Forkhead,0.8833732749094086,0.6590315319629134,0.5499612517295913,GSM5215132
C089,371,3,Foxc2,Forkhead,Forkhead,0.948599453594274,0.8506610774388876,0.7179283981037222,GSM3717669
C089,371,3,Foxd3,Forkhead,Forkhead,0.987468671679198,0.9377705627705628,0.3595159254890833,GSM2451236
C090,374,3,FOXO1,Forkhead,Forkhead,0.9546892991239048,0.8427982306890405,0.7170923015019536,GSM5214708
C090,374,3,Foxo3,Forkhead,Forkhead,0.9537639562017592,0.9052117748892344,0.7576686430294871,GSM2574751
C090,374,3,Foxo4,Forkhead,Forkhead,0.9102970041322312,0.7568448096913134,0.6403105670247278,GSM5331159
C091,376,3,SOX13,SOX,SOX,0.9470172021609324,0.8244757236212186,0.6949998581632773,GSM2534354
C091,376,3,SOX5,SOX,SOX,0.9460476670991304,0.8281079163572769,0.7019124299062898,GSM2534682
C091,376,3,Sox6,SOX,SOX,0.92172817800648,0.7655609250218708,0.6442348874787802,GSM5214202
C092,391,3,PHOX2B,Homeodomain,Homeodomain,0.9775339944063056,0.942640081268044,0.8531106415913118,GSM2915910
C092,391,3,PRRX2,Unknown/Other,Unknown/Other,0.9140302889663504,0.7938634653360176,0.6160205986397149,GSM6347236
C092,391,3,Shox2,Homeodomain,Homeodomain,0.8760084370455142,0.6379355808620649,0.4935640979441659,GSM5330801
C093,431,3,STAT5A,STAT,STAT,0.9189628471679434,0.7544052284097321,0.6211442280272598,GSM1010721
C093,431,3,STAT5B,STAT,STAT,0.9401842780836236,0.7424409470299527,0.6118656594816162,GSM5268602
C093,431,3,STAT6,STAT,STAT,0.9352614228764182,0.849190615773944,0.7147387183289937,GSM5214020
C094,432,3,STAT1,STAT,STAT,0.9642941619585688,0.9000767787456544,0.7824504251607028,GSM1057013
C094,432,3,STAT3,STAT,STAT,0.9221775534139004,0.7723506706100303,0.6404401379963885,GSM2278004
C094,432,3,Stat4,STAT,STAT,0.9362058687079564,0.7620924380511617,0.6163479375950798,GSM945611
C095,10327,3,ZFP69,C2H2 Zinc Finger,ZFP,0.8291296817492964,0.4508400043365981,0.3822598635798149,GSM2466453
C095,10327,3,ZFP69B,C2H2 Zinc Finger,ZFP,0.9219633443429828,0.8106901709960027,0.686525495009151,GSM2423392
C095,10327,3,ZFP90,C2H2 Zinc Finger,ZFP,0.8664062822328882,0.6195033544739454,0.5367769292305629,GSM2466454
C096,10328,3,ZNF10,C2H2 Zinc Finger,ZNF,0.9295053662111932,0.8028280824903483,0.673849341815642,GSM2825086
C096,10328,3,ZNF180,C2H2 Zinc Finger,ZNF,0.9623733629849271,0.937611738623003,0.7660106260237189,GSM5214590
C096,10328,3,ZNF544,C2H2 Zinc Finger,ZNF,0.9503216748768476,0.8920912595690793,0.7311283714135803,GSM2797684
C097,10329,3,ZNF311,C2H2 Zinc Finger,ZNF,0.9069105691056912,0.7286316017049974,0.7053009189406806,GSM2466527
C097,10329,3,ZNF324,C2H2 Zinc Finger,ZNF,0.9230319103844988,0.8066535956711176,0.694299311010779,GSM2423938
C097,10329,3,ZNF324B,C2H2 Zinc Finger,ZNF,0.8197674418604651,0.4434666604715268,0.4544381907354639,GSM2466530
C098,10330,3,ZFP41,C2H2 Zinc Finger,ZFP,0.9685068299576072,0.9505869338403412,0.7944632580412883,GSM5214029
C098,10330,3,ZNF514,C2H2 Zinc Finger,ZNF,0.9605016309368932,0.8994848459637033,0.8401396371433606,GSM2828998
C098,10330,3,ZNF664,C2H2 Zinc Finger,ZNF,0.9276767478075568,0.8141093823626894,0.685586053837728,GSM2423889
C099,5,2,SP140,C2H2 Zinc Finger,SP,0.9670229645093944,0.9539276819392454,0.85896962681297,GSM2398967
C099,5,2,SP140L,C2H2 Zinc Finger,SP,0.9429350919264587,0.876702657208614,0.7338728910822729,GSM5214592
C100,7,2,IRF6,Unknown/Other,Unknown/Other,0.952380463479026,0.8795820035146665,0.7530250252522165,GSM3421852
C100,7,2,Irf5,Unknown/Other,Unknown/Other,0.9752398547291964,0.9652129862998337,0.8293860487027501,GSM5214006
C101,15,2,ZNF524,C2H2 Zinc Finger,ZNF,0.9620092537901164,0.9228756015037006,0.7969183192389478,GSM2827213
C101,15,2,ZNF580,C2H2 Zinc Finger,ZNF,0.950934547908232,0.9025655437298143,0.7395319107347239,GSM2527559
C102,17,2,MZF1,Unknown/Other,Unknown/Other,0.91108934169279,0.7355106453921221,0.5560923629368766,GSM2026778
C102,17,2,ZNF446,C2H2 Zinc Finger,ZNF,0.977706068162926,0.9708943090742408,0.8441545152292992,GSM5214566
C103,27,2,ZNF362,C2H2 Zinc Finger,ZNF,0.9298475742531138,0.757440984972606,0.6228304017131274,GSM5214057
C103,27,2,ZNF384,C2H2 Zinc Finger,ZNF,0.9939402416975928,0.975416518711763,0.9078316561964348,GSM2026843
C104,28,2,ZNF366,C2H2 Zinc Finger,ZNF,0.9481262829420511,0.8421632494932567,0.7548653341959333,GSM2423020
C104,28,2,ZNF710,C2H2 Zinc Finger,ZNF,0.9320657172526332,0.8414050703393536,0.6811233947657933,GSM5215732
C105,44,2,Bcl11a,Unknown/Other,Unknown/Other,0.9565202262781513,0.8761709858316001,0.7390332464398347,GSM803388
C105,44,2,ZNF296,C2H2 Zinc Finger,ZNF,0.9684694457603032,0.9499969831785826,0.8005200068100483,GSM5214706
C106,50,2,Glis1,Unknown/Other,Unknown/Other,0.9685654365799556,0.93154040111208,0.8029535903188195,GSM2026832
C106,50,2,Glis3,Unknown/Other,Unknown/Other,0.979686618507052,0.9686370544924496,0.8615001464194322,GSM2946599
C107,53,2,ZEB1,Unknown/Other,Unknown/Other,0.9312234320557492,0.8205384603931151,0.654783924265188,GSM1010809
C107,53,2,ZEB2,Unknown/Other,Unknown/Other,0.9207751254577512,0.7871438703980609,0.6511634781716599,GSM2753034
C108,67,2,Zbtb7a,Unknown/Other,Unknown/Other,0.9538652677158797,0.896828648809604,0.7646661182876178,GSM2771543
C108,67,2,Zbtb7b,Unknown/Other,Unknown/Other,0.9423826632449388,0.8776859726048284,0.7194876474432162,GSM5214739
C109,68,2,ZIC5,Unknown/Other,Unknown/Other,0.9879721128608924,0.9912956743171456,0.8954394989507457,GSM3657691
C109,68,2,Zic2,Unknown/Other,Unknown/Other,0.9590972855591748,0.9135609053205144,0.7715714847248991,GSM2828565
C110,73,2,ZNF148,C2H2 Zinc Finger,ZNF,0.9456206044382016,0.8633124587397891,0.7684896614453215,GSM2828724
C110,73,2,ZNF281,C2H2 Zinc Finger,ZNF,0.9621283516483516,0.9029077658632272,0.7674914281460835,GSM5213849
C111,79,2,GFI1B,Unknown/Other,Unknown/Other,0.884740218033587,0.6983579344568565,0.583587514189355,GSM2423489
C111,79,2,Gfi1,Unknown/Other,Unknown/Other,0.9344155559304876,0.8085002494590954,0.6664287328589554,GSM5214648
C112,82,2,ZNF143,C2H2 Zinc Finger,ZNF,0.9786356764928194,0.9410416893242936,0.8439984427260209,GSM2024873
C112,82,2,ZNF76,C2H2 Zinc Finger,ZNF,0.9750972117558402,0.916786605741329,0.7928140790876841,GSM959052
C113,85,2,CTCFL,C2H2 Zinc Finger,CTCF,0.9948362405089268,0.9863921022631452,0.9322682157673504,GSM1817667
C113,85,2,Ctcf,C2H2 Zinc Finger,CTCF,0.9898409734955826,0.9721528813459182,0.9049887070900876,GSM3094388
C114,90,2,MYNN,Unknown/Other,Unknown/Other,0.9495554753309264,0.9078884466558236,0.7281578364738989,GSM5215460
C114,90,2,ZBTB24,Unknown/Other,Unknown/Other,0.8413091824537091,0.6369696017644313,0.5069351244496177,GSM3037224
C115,91,2,ZSCAN5A,Unknown/Other,Unknown/Other,0.9444812885455962,0.8619406498859322,0.7417292181336089,GSM2423368
C115,91,2,ZSCAN5C,Unknown/Other,Unknown/Other,0.8926490312264863,0.7139403414728204,0.5808905993001804,GSM2828682
C116,95,2,ZNF425,C2H2 Zinc Finger,ZNF,0.8986147528644893,0.6968153135217476,0.5776484432615572,GSM2466551
C116,95,2,ZNF786,C2H2 Zinc Finger,ZNF,0.9533073214485928,0.9159257810359964,0.7476840280294188,GSM5213826
C117,112,2,BCL6,Unknown/Other,Unknown/Other,0.9712942913385828,0.958311615930223,0.8204516904188188,GSM763404
C117,112,2,BCL6B,Unknown/Other,Unknown/Other,0.8876066850668558,0.7196360997436912,0.596457538026118,GSM2827437
C118,119,2,ZNF526,C2H2 Zinc Finger,ZNF,0.9635121263395372,0.932934969554637,0.7807985208517382,GSM5215619
C118,119,2,ZNF574,C2H2 Zinc Finger,ZNF,0.9752336169577548,0.9631664618411536,0.8243620803306517,GSM5214932
C119,131,2,ZBTB38,Unknown/Other,Unknown/Other,0.9760037470725994,0.9636347219858086,0.8391125440642718,GSM5331353
C119,131,2,ZBTB4,Unknown/Other,Unknown/Other,0.9589346938775508,0.930473557131837,0.7692600897726479,GSM5214455
C120,133,2,ZBTB46,Unknown/Other,Unknown/Other,0.9555670502561292,0.9128051222945468,0.7517912544580678,GSM5215226
C120,133,2,ZBTB8A,Unknown/Other,Unknown/Other,0.962809715564078,0.9167576903794232,0.7992298811985726,GSM2423541
C121,137,2,ZNF423,C2H2 Zinc Finger,ZNF,0.938024182836725,0.8565514254359572,0.7117003430394213,GSM2423537
C121,137,2,ZNF521,C2H2 Zinc Finger,ZNF,0.9766499478204234,0.92797002170751,0.8693557203700583,GSM2827398
C122,143,2,Meis1,Unknown/Other,Unknown/Other,0.9197365517475512,0.8150512330625221,0.661888885677303,GSM940324
C122,143,2,Pknox1,Unknown/Other,Unknown/Other,0.9442282779211576,0.8465652526905995,0.7154816872218789,GSM2423884
C123,147,2,L3MBTL3,Unknown/Other,Unknown/Other,0.899666790077749,0.8128262505232524,0.7418343214433144,GSM2679735
C123,147,2,L3MBTL4,Unknown/Other,Unknown/Other,0.9470080771058168,0.8622225011261797,0.7169710533662867,GSM2574756
C124,150,2,BATF,bZIP,bZIP,0.9623937895464454,0.8941533581924064,0.7630604833960943,GSM803538
C124,150,2,Batf3,bZIP,bZIP,0.9636163800590584,0.9035743979059928,0.8150988994296872,GSM4815741
C125,154,2,HNF1A,Unknown/Other,Unknown/Other,0.9428875868716076,0.8348751320013195,0.7130369035429989,GSM5215665
C125,154,2,Hnf1b,Unknown/Other,Unknown/Other,0.943573222187918,0.8897199553769609,0.7225936237154705,GSM5214807
C126,165,2,Erg,Unknown/Other,Unknown/Other,0.9835605014070096,0.9836059828122208,0.8899419951112053,GSM585590
C126,165,2,Fli1,Unknown/Other,Unknown/Other,0.9220320218265364,0.7992334587811164,0.6561073659203643,GSM2436677
C127,171,2,SPIB,C2H2 Zinc Finger,SP,0.9923877712031558,0.9808297688259476,0.9210792540637368,GSM1370289
C127,171,2,Spi1,C2H2 Zinc Finger,SP,0.988809070419944,0.9695073165448654,0.9135102716358234,GSM2359987
C128,179,2,GATAD2A,GATA,GATA,0.9385305665751194,0.8001223924079934,0.6744997263475088,GSM2534640
C128,179,2,GATAD2B,GATA,GATA,0.9684345422172242,0.8426965069293071,0.7290877166846226,GSM1415923
C129,182,2,RORA,Unknown/Other,Unknown/Other,0.9387525167109608,0.8624899792139552,0.6947183257974355,GSM5213886
C129,182,2,Rorb,Unknown/Other,Unknown/Other,0.900250131719744,0.6640613606637842,0.6141617772770825,GSM5668148
C130,183,2,Ppard,Nuclear Receptor,Nuclear Receptor,0.9836082424242424,0.9833423272423064,0.8619791181311139,GSM1214683
C130,183,2,Pparg,Nuclear Receptor,Nuclear Receptor,0.9549811431077329,0.8657663250521392,0.745965913553481,GSM1443809
C131,185,2,THRB,Unknown/Other,Unknown/Other,0.9352725069252076,0.8205728545674857,0.6768648880707295,GSM2534017
C131,185,2,Thra,Unknown/Other,Unknown/Other,0.93873511011011,0.8267781849937891,0.6765410723900713,GSM2797651
C132,186,2,NR1I2,Unknown/Other,Unknown/Other,0.96954581758002,0.7848036597193045,0.7441793562971454,GSM2752692
C132,186,2,Nr1i3,Unknown/Other,Unknown/Other,0.9554201050262564,0.7616239519053076,0.7113992112613117,GSM4059675
C133,188,2,NR2C1,Unknown/Other,Unknown/Other,0.9195058557040358,0.8139704415382365,0.6606026860505212,GSM2828801
C133,188,2,Nr2c2,Unknown/Other,Unknown/Other,0.950535209324781,0.879882384042797,0.7487363980649041,GSM5215235
C134,190,2,RXRB,Unknown/Other,Unknown/Other,0.9374586657801418,0.820924189553488,0.6891589919632753,GSM2534152
C134,190,2,Rxra,Unknown/Other,Unknown/Other,0.9740494481236204,0.9680665826660269,0.8358784094202355,GSM5213955
C135,191,2,HNF4A,Unknown/Other,Unknown/Other,0.9338098702942108,0.8143542836594557,0.684615532898592,GSM3130733
C135,191,2,HNF4G,Unknown/Other,Unknown/Other,0.9711188271604938,0.9050285452289994,0.7989501049977598,GSM2277166
C136,194,2,Nr5a1,Unknown/Other,Unknown/Other,0.9598306294954588,0.870857006881782,0.7519661054854689,GSM5214653
C136,194,2,Nr5a2,Unknown/Other,Unknown/Other,0.9267636614376832,0.7948482059101327,0.6597794762494064,GSM5215230
C137,196,2,ESR2,Nuclear Receptor,Nuclear Receptor,0.9879272673733804,0.969171001827677,0.886106056440626,GSM542548
C137,196,2,Esr1,Nuclear Receptor,Nuclear Receptor,0.9445721232925696,0.8643070886746996,0.7045538357550842,GSM3261517
C138,197,2,MYOD1,Unknown/Other,Unknown/Other,0.9743395768296912,0.9418397323943956,0.8183544484524224,GSM2259152
C138,197,2,MYOG,Unknown/Other,Unknown/Other,0.9744071498936367,0.9419781159573792,0.8320104896386388,GSM2214115
C139,201,2,HSF1,Unknown/Other,Unknown/Other,0.9862233154442456,0.9755060628858848,0.892599183387353,GSM1553235
C139,201,2,HSF2,Unknown/Other,Unknown/Other,0.9531571058727346,0.8965119435372026,0.7534386550538834,GSM5214185
C140,209,2,IRF2,Unknown/Other,Unknown/Other,0.9721938340998126,0.8851632445926642,0.8131280153359799,GSM2423390
C140,209,2,Irf1,Unknown/Other,Unknown/Other,0.9643621690778468,0.9361720514322928,0.799579268923317,GSM935549
C141,210,2,TOX,Unknown/Other,Unknown/Other,0.8812991637824941,0.6852069786750183,0.550431096681872,GSM5378611
C141,210,2,TOX2,Unknown/Other,Unknown/Other,0.9140446366438016,0.7934708320637247,0.7080963899113564,GSM5330775
C142,214,2,LHX2,Unknown/Other,Unknown/Other,0.957224244359302,0.8798329284007051,0.7552718392593617,GSM1567049
C142,214,2,LHX9,Unknown/Other,Unknown/Other,0.9410982001894538,0.8292671997427011,0.7050976934656294,GSM3262278
C143,215,2,ISL2,Unknown/Other,Unknown/Other,0.9441829688132848,0.8279502920600696,0.7038628503406695,GSM5214622
C143,215,2,Isl1,Unknown/Other,Unknown/Other,0.941107411498606,0.8321187906101346,0.7015504373133719,GSM2486159
C144,216,2,HMGA1,Unknown/Other,Unknown/Other,0.9426286240719668,0.8234218929189475,0.679991825037768,GSM942073
C144,216,2,HMGA2,Unknown/Other,Unknown/Other,0.8885570713860667,0.7390940404306602,0.5769149397617932,GSM2931556
C145,217,2,ZHX2,Unknown/Other,Unknown/Other,0.9518668744434552,0.8857605281118965,0.7511503086589788,GSM2974460
C145,217,2,Zhx1,Unknown/Other,Unknown/Other,0.953773967444824,0.9096982087062307,0.7622769968689846,GSM2424107
C146,239,2,Usf1,Unknown/Other,Unknown/Other,0.982911597729116,0.9568624504416792,0.8521638149875275,GSM5214564
C146,239,2,Usf2,Unknown/Other,Unknown/Other,0.9825951380003656,0.9520283172013678,0.8633286221195008,GSM2797655
C147,241,2,GABPB2,Unknown/Other,Unknown/Other,0.9392382513271812,0.7533128758673682,0.6783943340287228,GSM5378799
C147,241,2,Gabpb1,Unknown/Other,Unknown/Other,0.9906798418972332,0.9919753290068788,0.9254291105261798,GSM2534044
C148,242,2,NFKB1,Unknown/Other,Unknown/Other,0.9722183702644748,0.92522290409428,0.8064965590509962,GSM486323
C148,242,2,NFKB2,Unknown/Other,Unknown/Other,0.9890871061689172,0.9884272676031068,0.8882285398032966,GSM5215027
C149,243,2,REL,Unknown/Other,Unknown/Other,0.9513972223749654,0.8947705641980358,0.75888491521766,GSM2628092
C149,243,2,Rela,Rel,Rel,0.9558651067446629,0.8828988538393976,0.7737016269427746,GSM2333680
C150,245,2,DBP,Unknown/Other,Unknown/Other,0.953085935074482,0.9225697055205812,0.7559723445127787,GSM5331377
C150,245,2,TEF,Unknown/Other,Unknown/Other,0.9703581894296182,0.9252997712712746,0.7985269664258727,GSM5215501
C151,247,2,MYB,Unknown/Other,Unknown/Other,0.955746153092228,0.864179718338061,0.7442321914895949,GSM2466686
C151,247,2,Mybl2,Unknown/Other,Unknown/Other,0.9276698226139948,0.7794294873624502,0.6319355223897447,GSM1010876
C152,254,2,HMG20A,Unknown/Other,Unknown/Other,0.9472117647058824,0.8424081333628276,0.7041052702493253,GSM2527434
C152,254,2,Hmg20b,Unknown/Other,Unknown/Other,0.9437897276801104,0.8366495744117881,0.6881178180915711,GSM2534642
C153,257,2,TSHZ1,Unknown/Other,Unknown/Other,0.9104055216754124,0.745159508979272,0.6268923966015385,GSM2423182
C153,257,2,TSHZ2,Unknown/Other,Unknown/Other,0.9277722997722998,0.7705040523167372,0.6305440476169579,GSM5330959
C154,259,2,Tcf15,Unknown/Other,Unknown/Other,0.8740821223233284,0.6476789037777815,0.5895713462766123,GSM5213981
C154,259,2,Tcf21,Unknown/Other,Unknown/Other,0.98605125939019,0.9761931538671031,0.8960443911633473,GSM4558335
C155,261,2,Neurog1,Unknown/Other,Unknown/Other,0.9552930450638188,0.9004060843454915,0.7517186597670771,GSM1002662
C155,261,2,Neurog2,Unknown/Other,Unknown/Other,0.9737466635448374,0.936387077859502,0.8076078054713205,GSM1970158
C156,264,2,TFDP1,Unknown/Other,Unknown/Other,0.9472178556528994,0.9041603021316564,0.7605745930914316,GSM2825063
C156,264,2,TFDP2,Unknown/Other,Unknown/Other,0.9734313809320222,0.9579108320430044,0.8221726019463212,GSM5214386
C157,267,2,MYC,bHLH,bHLH,0.8743026748588095,0.6508388491610317,0.5018122276945322,GSM2305251
C157,267,2,MYCN,bHLH,bHLH,0.96200796812749,0.922945521518058,0.7809975637806483,GSM2915909
C158,272,2,MBD2,Unknown/Other,Unknown/Other,0.9832751867555016,0.9839714075608328,0.8848550926197986,GSM1388125
C158,272,2,MBD3,Unknown/Other,Unknown/Other,0.9543028605381546,0.898602850331401,0.7729917688668398,GSM2104436
C159,276,2,ARID4A,Nuclear Receptor,Nuclear Receptor,0.9733120172999692,0.9625579058979464,0.8259470644829917,GSM5215315
C159,276,2,ARID4B,Nuclear Receptor,Nuclear Receptor,0.9504912064177724,0.8975937953995189,0.7414521311890756,GSM2534717
C160,277,2,PIAS1,Unknown/Other,Unknown/Other,0.9502390774586598,0.8405830204814391,0.7232733001159851,GSM2219874
C160,277,2,PIAS4,Unknown/Other,Unknown/Other,0.9405862441688474,0.8184357097875521,0.678975520172418,GSM1035441
C161,278,2,HMGB1,Unknown/Other,Unknown/Other,0.9826529814271748,0.9847578855397988,0.8887285959376142,GSM2589815
C161,278,2,HMGB2,Unknown/Other,Unknown/Other,0.8998380383268082,0.7864230075854802,0.6095667300175331,GSM2589816
C162,283,2,LCOR,Unknown/Other,Unknown/Other,0.9362749624286144,0.8086158377575885,0.6666069914552647,GSM5214415
C162,283,2,LCORL,Unknown/Other,Unknown/Other,0.9411086847926924,0.8447554066746531,0.6978199053507862,GSM5214905
C163,286,2,HES1,bHLH,bHLH,0.9151340378048454,0.7531486816881253,0.600936138512361,GSM2574800
C163,286,2,HES4,bHLH,bHLH,0.981983870967742,0.9812714350929428,0.8547688760426128,GSM5667709
C164,291,2,HEY1,bHLH,bHLH,0.9686570123939986,0.9546627835724726,0.8086381408522915,GSM803448
C164,291,2,HEY2,bHLH,bHLH,0.9029255319148936,0.7368813699832555,0.5626699150475001,GSM2183991
C165,292,2,Bhlhe40,Unknown/Other,Unknown/Other,0.9554623156067932,0.8854587404487436,0.7477207772606099,GSM2828892
C165,292,2,Bhlhe41,Unknown/Other,Unknown/Other,0.8944051130776793,0.7178929973984057,0.6973791298990375,GSM2515691
C166,305,2,SATB1,Unknown/Other,Unknown/Other,0.9933773833004602,0.98808864243004,0.9410549713991072,GSM3499390
C166,305,2,Satb2,Unknown/Other,Unknown/Other,0.9475200458190148,0.8862932697407799,0.7501864470370813,GSM5214119
C167,323,2,Ncor1,Unknown/Other,Unknown/Other,0.9030774836977368,0.7359256707909654,0.6198401887184891,GSM5214003
C167,323,2,Ncor2,Unknown/Other,Unknown/Other,0.9354589077695844,0.8098628220280191,0.6751807892455524,GSM898062
C168,325,2,SMARCC1,Nuclear Receptor,Nuclear Receptor,0.9272408080808082,0.8180594571884663,0.7008230511085004,GSM3094371
C168,325,2,Smarcc2,Nuclear Receptor,Nuclear Receptor,0.9260711980537212,0.8077135626337982,0.6500992212082158,GSM601401
C169,326,2,ARID1B,Nuclear Receptor,Nuclear Receptor,0.9167921859545004,0.7863128507055935,0.6481821705334899,GSM2424019
C169,326,2,Arid1a,Nuclear Receptor,Nuclear Receptor,0.9315532774153464,0.8930119818861623,0.7213080532342,GSM3499207
C170,327,2,ZFHX2,Unknown/Other,Unknown/Other,0.9809721204721203,0.9614832182351564,0.8609301172772205,GSM2827267
C170,327,2,ZFHX4,Unknown/Other,Unknown/Other,0.8865644911580375,0.7477754086007845,0.6178962840583373,GSM1265799
C171,333,2,AFF1,Unknown/Other,Unknown/Other,0.9792756892230576,0.9704450697133122,0.8587572904853604,GSM2364545
C171,333,2,AFF4,Unknown/Other,Unknown/Other,0.9375188969183488,0.874046161877736,0.7136160863698291,GSM1405081
C172,337,2,ZNF608,C2H2 Zinc Finger,ZNF,0.9747456271864068,0.9631701877308496,0.8299347625037765,GSM5214477
C172,337,2,ZNF609,C2H2 Zinc Finger,ZNF,0.9458858499217782,0.8244298694585758,0.6850633034883051,GSM5213896
C173,346,2,ATF3,bZIP,bZIP,0.982419237360754,0.952055857652364,0.863342623928378,GSM1917770
C173,346,2,JDP2,Unknown/Other,Unknown/Other,0.959364938464779,0.9332234619273954,0.8290170111535216,GSM3178724
C174,349,2,NFE2,Unknown/Other,Unknown/Other,0.9775114314115309,0.9452256254388604,0.8168483349807459,GSM1067276
C174,349,2,NFE2L2,Unknown/Other,Unknown/Other,0.9771494799197612,0.9382525536774354,0.8445299524020703,GSM2423561
C175,354,2,PITX1,Unknown/Other,Unknown/Other,0.9355555094991364,0.8377414369829559,0.7010496107806352,GSM5215184
C175,354,2,PITX3,Unknown/Other,Unknown/Other,0.9261134037367994,0.7854990619228629,0.6571913140157614,GSM2449944
C176,369,2,FOXK2,Forkhead,Forkhead,0.9563150171714018,0.8700996440161418,0.7285729409682284,GSM3898636
C176,369,2,Foxk1,Forkhead,Forkhead,0.9529556419273244,0.8761221459767337,0.7394734378594084,GSM2797525
C177,378,2,SOX9,SOX,SOX,0.9547184932879182,0.9057611486607744,0.8404394564577621,GSM3139254
C177,378,2,Sox10,SOX,SOX,0.962525327253786,0.910435029752286,0.7869174158669693,GSM1517752
C178,379,2,SOX18,SOX,SOX,0.9492859492115148,0.910082739488239,0.7171917407345755,GSM5214537
C178,379,2,Sox17,SOX,SOX,0.9593321578998923,0.8937194076454135,0.7858854802282222,GSM3381973
C179,385,2,HOXC11,Homeodomain,Homeodomain,,,,GSM1306053
C179,385,2,Hoxa11,Homeodomain,Homeodomain,1,1,0.8509629433967631,GSM2410501
C180,386,2,CDX2,Unknown/Other,Unknown/Other,0.958391207001832,0.8944647248537553,0.7553403542681582,GSM3175501
C180,386,2,CDX4,Unknown/Other,Unknown/Other,0.9095610944364696,0.7206591804687014,0.7111727347862021,GSM5667453
C181,387,2,HOXA1,Homeodomain,Homeodomain,0.9131889469753548,0.7526398881313124,0.6226950984871851,GSM2689473
C181,387,2,HOXD1,Homeodomain,Homeodomain,0.9586059238363894,0.9158990000815213,0.7703315889604024,GSM5215058
C182,389,2,DLX4,Unknown/Other,Unknown/Other,0.8983470977976857,0.6782859389797845,0.6420132752346471,GSM5213952
C182,389,2,DLX6,Unknown/Other,Unknown/Other,0.9454535929034948,0.8495538884111722,0.7154319303224882,GSM5214395
C183,394,2,Hoxa13,Homeodomain,Homeodomain,0.9090572033898304,0.7668256334042816,0.5886917012732229,GSM2410502
C183,394,2,Hoxb13,Homeodomain,Homeodomain,0.9400838478104808,0.8404481062058641,0.7028171172856283,GSM1716768
C184,395,2,EMX1,Unknown/Other,Unknown/Other,0.9883512361466326,0.9827249402492384,0.8987935510470594,GSM1327160
C184,395,2,MNX1,Unknown/Other,Unknown/Other,0.9869288515406164,0.989286407512434,0.8824477838923942,GSM5214607
C185,398,2,INSM1,Unknown/Other,Unknown/Other,0.9069883242887684,0.7924320079670333,0.6523440000919422,GSM3579032
C185,398,2,INSM2,Unknown/Other,Unknown/Other,0.929162503192848,0.8184995754030711,0.694656985494021,GSM2423396
C186,400,2,Lyl1,Unknown/Other,Unknown/Other,0.9623505472942534,0.8905847919501795,0.761880970592165,GSM1901548
C186,400,2,TAL1,Unknown/Other,Unknown/Other,0.9549320575131632,0.8538405901586857,0.7373446443111106,GSM1291199
C187,406,2,RCOR1,Unknown/Other,Unknown/Other,0.9518396720073368,0.8512006976361026,0.7098652373473043,GSM2824363
C187,406,2,Rcor2,Unknown/Other,Unknown/Other,0.9209005756148614,0.7674105526273917,0.6260278459003479,GSM2534040
C188,407,2,ARID3A,Nuclear Receptor,Nuclear Receptor,0.901906018966914,0.7338328012646681,0.585134862973696,GSM2574781
C188,407,2,ARID3B,Nuclear Receptor,Nuclear Receptor,0.9480921448072592,0.8836543028459668,0.730361407655524,GSM5215174
C189,413,2,ONECUT2,Unknown/Other,Unknown/Other,0.9787905663511044,0.932773509703928,0.8360006809524492,GSM2835772
C189,413,2,Onecut1,Unknown/Other,Unknown/Other,0.9582358049432196,0.8764258535283407,0.763535057873646,GSM5215449
C190,414,2,Hand1,Unknown/Other,Unknown/Other,0.9251996634732148,0.7759619280280381,0.6451984166206366,GSM2527318
C190,414,2,Hand2,Unknown/Other,Unknown/Other,0.9298506805854058,0.7877199346704329,0.6448246605804736,GSM2486155
C191,416,2,Srebf1,Unknown/Other,Unknown/Other,0.90395088764261,0.7350069271433541,0.6263244694841784,GSM4274803
C191,416,2,Srebf2,Unknown/Other,Unknown/Other,0.9366708755607244,0.8255491461956035,0.6966399806078332,GSM4774318
C192,420,2,Epas1,Unknown/Other,Unknown/Other,0.9591233979625368,0.925002949892822,0.7739115378755126,GSM2501227
C192,420,2,HIF1A,Unknown/Other,Unknown/Other,0.961575935149917,0.9188208403946349,0.7784730217586099,GSM1462475
C193,421,2,Pol2ra,Unknown/Other,Unknown/Other,0.9736339113680156,0.9591404630292366,0.8102361929045595,GSM3417126
C193,421,2,Rnap2,Unknown/Other,Unknown/Other,0.970775878079806,0.9636043512664024,0.8621389579143524,GSM2828296
C194,425,2,GMEB1,Unknown/Other,Unknown/Other,0.9647161212121212,0.9459194256701629,0.8057516323983115,GSM5214268
C194,425,2,GMEB2,Unknown/Other,Unknown/Other,0.9878321887130488,0.9837855044422054,0.9020231146257658,GSM2534381
C195,434,2,TP63,Unknown/Other,Unknown/Other,0.979923917834788,0.9533717614412724,0.8865731754515614,GSM3178691
C195,434,2,TP73,Unknown/Other,Unknown/Other,0.9845488091876118,0.9535948566843152,0.8820061995650273,GSM501690
C196,440,2,EBF1,Unknown/Other,Unknown/Other,0.9720825578620854,0.9208531099726316,0.8116432330822362,GSM5071691
C196,440,2,EBF3,Unknown/Other,Unknown/Other,0.9488630275865748,0.8440215336047313,0.7194280676414707,GSM2410317
C197,10331,2,ZIM3,Unknown/Other,Unknown/Other,0.9867041272998508,0.9510766820046406,0.8854779296648255,GSM2466457
C197,10331,2,ZNF684,C2H2 Zinc Finger,ZNF,0.8911101014690292,0.7802700105951617,0.6984020877491423,GSM2466634
C198,10332,2,ZNF19,C2H2 Zinc Finger,ZNF,0.914191419141914,0.8044528077693908,0.698323305961502,GSM2828504
C198,10332,2,ZNF23,C2H2 Zinc Finger,ZNF,0.8312550173936313,0.540803547488891,0.4143742043791487,GSM5215019
C199,10333,2,ZNF2,C2H2 Zinc Finger,ZNF,0.9412627551020408,0.8553628290477948,0.7386904609559612,GSM2466522
C199,10333,2,ZNF577,C2H2 Zinc Finger,ZNF,0.9396631317927614,0.7811436947928033,0.6443208762068408,GSM3402712
C200,10334,2,ZNF181,C2H2 Zinc Finger,ZNF,0.8296681847755367,0.4634397529313908,0.3385270369372688,GSM2466486
C200,10334,2,ZNF302,C2H2 Zinc Finger,ZNF,0.92270692201308,0.7871468501015813,0.7006903687843336,GSM5215455
C201,10335,2,ZNF596,C2H2 Zinc Finger,ZNF,0.8839261097325612,0.786743828489985,0.6520097670271857,GSM2026841
C201,10335,2,ZNF705G,C2H2 Zinc Finger,ZNF,0.8850796716562047,0.7794807901824039,0.7344121619171008,GSM2466638
C202,10336,2,ZNF678,C2H2 Zinc Finger,ZNF,0.977521078682369,0.966641587731378,0.8447651369386175,GSM5215333
C202,10336,2,ZNF682,C2H2 Zinc Finger,ZNF,0.952348482620714,0.8864055206747735,0.7543333708656152,GSM2466633
C203,10337,2,ZNF195,C2H2 Zinc Finger,ZNF,0.9032352941176472,0.7738349625911012,0.690728098572478,GSM3402704
C203,10337,2,ZNF695,C2H2 Zinc Finger,ZNF,0.8968477550915113,0.7660215887796294,0.6070583572540698,GSM2466635
C204,10338,2,ZNF267,C2H2 Zinc Finger,ZNF,0.9631998025377556,0.8379309500413546,0.7234939840083561,GSM2466511
C204,10338,2,ZNF720,C2H2 Zinc Finger,ZNF,0.952657577685474,0.9026224630550636,0.7344326299006689,GSM5215681
